time,longitude,radius,latitude,Vr,Times_Earth,Vr_pred_Earth,SpiralOrigin_Lon_deg,SpiralOrigin_Rs,SpiralOrigin_Lat_deg
2025-03-20 18:07:30+00:00,327.9153444172817,30.59057733750454,2.7992290087888345,333.6369944420399,,,327.7131953045751,30.0,2.7992290087888345
2025-03-20 18:22:30+00:00,327.91713397794666,30.48698712782431,2.792277839896487,348.09767251515166,,,327.75736751350024,30.0,2.792277839896487
2025-03-20 18:37:30+00:00,327.91994233690605,30.38326260599537,2.7852600455788004,362.49659126432505,,,327.79919938664705,30.0,2.7852600455788004
2025-03-20 18:52:30+00:00,327.9237812782481,30.279403571156298,2.7781747303249302,358.37940016759455,,,327.8347468085102,30.0,2.7781747303249302
2025-03-20 19:07:30+00:00,327.9286627992417,30.175409834196586,2.771020981978216,348.2923735942333,,,327.87114804940956,30.0,2.771020981978216
2025-03-20 19:22:30+00:00,327.9345990671215,30.071281206239835,2.7637978736054496,353.5461062555239,,,327.9115741410805,30.0,2.7637978736054496
2025-03-20 19:37:30+00:00,327.9416024431177,29.96701750379267,2.7565044622305015,350.79168405676126,,,327.9523399509568,30.0,2.7565044622305015
2025-03-20 19:52:30+00:00,327.94968548634114,29.862618548949143,2.749139788504042,351.73350933726755,,,327.9942904937772,30.0,2.749139788504042
2025-03-20 20:07:30+00:00,327.958860957613,29.75808416972557,2.741702876372369,344.45943238731223,,,328.0390648542715,30.0,2.741702876372369
2025-03-20 20:22:30+00:00,327.9691418235568,29.653414200163304,2.734192732720509,357.1275508932798,,,328.0799716547116,30.0,2.734192732720509
2025-03-20 20:37:30+00:00,327.98054126088897,29.548608480567243,2.726608347014446,350.474419390968,,,328.12762556584454,30.0,2.726608347014446
2025-03-20 20:52:30+00:00,327.9930726338595,29.443666851809404,2.718948692220584,350.5725688647746,,,328.17430103898056,30.0,2.718948692220584
2025-03-20 21:07:30+00:00,328.0067495710366,29.338589171842663,2.7112127209709,359.75949763989047,,,328.21670557315707,30.0,2.7112127209709
2025-03-20 21:22:30+00:00,328.02158592030037,29.233375304803474,2.703399367535814,344.6855870895938,,,328.2755831285391,30.0,2.703399367535814
2025-03-20 21:37:30+00:00,328.03759574592743,29.128025119728992,2.6955075477905024,347.77158359170045,,,328.32393384876156,30.0,2.6955075477905024
2025-03-20 21:52:30+00:00,328.05479334452974,29.022538493192997,2.6875361582816284,354.18576415237516,,,328.3699582300666,30.0,2.6875361582816284
2025-03-20 22:07:30+00:00,328.07319324982876,28.91691530957687,2.6794840758186167,358.66411656968734,,,328.4180539855093,30.0,2.6794840758186167
2025-03-20 22:22:30+00:00,328.09281023720996,28.811155461484617,2.671350157064139,370.2922807047279,,,328.4594585327814,30.0,2.671350157064139
2025-03-20 22:37:30+00:00,328.1136593291856,28.70525884991883,2.6631332380935677,358.08544543936864,,,328.52657897294745,30.0,2.6631332380935677
2025-03-20 22:52:30+00:00,328.13575578896723,28.599225382307303,2.654832134509426,359.7240035251886,,,328.580456790449,30.0,2.654832134509426
2025-03-20 23:07:30+00:00,328.15911513244055,28.493054974234436,2.6464456406820887,352.48760905010295,,,328.64734328281554,30.0,2.6464456406820887
2025-03-20 23:22:30+00:00,328.1837531884928,28.386747560807496,2.6379725265805716,376.0932303192659,,,328.67361781098924,30.0,2.6379725265805716
2025-03-20 23:37:30+00:00,328.20968602494906,28.280303080950624,2.6294115411939054,368.8053370403331,,,328.7421913782261,30.0,2.6294115411939054
2025-03-20 23:52:30+00:00,328.2369299834512,28.17372148377,2.62076141062692,378.4907400791202,,,328.78796730382805,30.0,2.62076141062692
2025-03-21 00:07:30+00:00,328.26550168529013,28.067002728777673,2.6120208375972367,372.6104111010506,,,328.8579432464207,30.0,2.6120208375972367
2025-03-21 00:22:30+00:00,328.29541803751687,27.96014678626243,2.603188500928955,417.9364648763199,,,328.85280642211194,30.0,2.603188500928955
2025-03-21 00:37:30+00:00,328.32669623862995,27.85315363780759,2.594263055043119,402.4495638113642,,,328.93589465620494,30.0,2.594263055043119
2025-03-21 00:52:30+00:00,328.35935377714895,27.746023275129065,2.585243129821321,396.3436602055355,,,329.0088053507638,30.0,2.585243129821321
2025-03-21 01:07:30+00:00,328.393408428722,27.638755698816396,2.5761273305244545,387.46562127071394,,,329.08935677950603,30.0,2.5761273305244545
2025-03-21 01:22:30+00:00,328.42887834609155,27.531350933758628,2.566914233056268,390.5355417474377,,,329.1507634073388,30.0,2.566914233056268
2025-03-21 01:37:30+00:00,328.4657819643705,27.42380901150482,2.5576023884604098,398.0816489288693,,,329.2048342444633,30.0,2.5576023884604098
2025-03-21 01:52:30+00:00,328.50413804328997,27.316129976918095,2.548190320576985,413.9803846854532,,,329.2445117344482,30.0,2.548190320576985
2025-03-21 02:07:30+00:00,328.54396567386374,27.20831388876636,2.538676525458911,426.5944133737033,,,329.291309901274,30.0,2.538676525458911
2025-03-21 02:22:30+00:00,328.5852842859475,27.10036082007202,2.5290594707477196,386.9926705237064,,,329.4409625134642,30.0,2.5290594707477196
2025-03-21 02:37:30+00:00,328.6281136556401,26.992270858622167,2.5193375950448007,384.2011435447659,,,329.52213797469415,30.0,2.5193375950448007
2025-03-21 02:52:30+00:00,328.67247389354253,26.88404410467501,2.5095093082602227,398.263116165141,,,329.56596549864605,30.0,2.5095093082602227
2025-03-21 03:07:30+00:00,328.71838548648674,26.775680676472096,2.499572989226302,398.4527032390272,,,329.6425100850016,30.0,2.499572989226302
2025-03-21 03:22:30+00:00,328.76586932939273,26.667180714573156,2.489526983785758,389.00135145878056,,,329.744299683771,30.0,2.489526983785758
2025-03-21 03:37:30+00:00,328.81494666760466,26.55854437249497,2.479369607476275,389.6529303224673,,,329.8235804030661,30.0,2.479369607476275
2025-03-21 03:52:30+00:00,328.8656391326059,26.44977182130784,2.469099143423486,378.72644884331027,,,329.9361717229743,30.0,2.469099143423486
2025-03-21 04:07:30+00:00,328.91796875083423,26.34086325023928,2.458713841620327,374.1878487492124,,,330.0347245647338,30.0,2.458713841620327
2025-03-21 04:22:30+00:00,328.9719579521068,26.2318188674344,2.448211918197952,370.7156855628947,,,330.13276509195276,30.0,2.448211918197952
2025-03-21 04:37:30+00:00,329.02762957909647,26.122638900491275,2.4375915546517217,376.368744655727,,,330.2041296573737,30.0,2.4375915546517217
2025-03-21 04:52:30+00:00,329.0850068511374,26.0133235911841,2.426850899448222,379.4513164986263,,,330.2848491941665,30.0,2.426850899448222
2025-03-21 05:07:30+00:00,329.14411351473956,25.903873214653835,2.4159880598598193,379.6894959885909,,,330.37612305276724,30.0,2.4159880598598193
2025-03-21 05:22:30+00:00,329.2049737181828,25.794288062552788,2.405001108198918,378.6763761623822,,,330.4733279809708,30.0,2.405001108198918
2025-03-21 05:37:30+00:00,329.26761205820986,25.684568448462255,2.3938880790826205,371.75684965137975,,,330.5932792716895,30.0,2.3938880790826205
2025-03-21 05:52:30+00:00,329.332053593068,25.574714709183485,2.38264696843809,363.8309612065307,,,330.7210812160826,30.0,2.38264696843809
2025-03-21 06:07:30+00:00,329.3983238533448,25.464727205404422,2.3712757326178124,365.29355165012294,,,330.8161751051825,30.0,2.3712757326178124
2025-03-21 06:22:30+00:00,329.4664488528455,25.354606322532224,2.359772287502295,378.703205908152,,,330.86730262829195,30.0,2.359772287502295
2025-03-21 06:37:30+00:00,329.53645506273705,25.244352467667692,2.348134509566429,373.44240400667775,,,330.99075937239735,30.0,2.348134509566429
2025-03-21 06:52:30+00:00,329.6083695272437,25.13396608161469,2.336360229379645,365.47275762634695,,,331.1288798879187,30.0,2.336360229379645
2025-03-21 07:07:30+00:00,329.6822197992871,25.023447631719993,2.3244472346959397,361.367379637203,,,331.2549306893646,30.0,2.3244472346959397
2025-03-21 07:22:30+00:00,329.7580339478162,24.912797612408152,2.312393269725152,363.73071585172073,,,331.3552670437602,30.0,2.312393269725152
2025-03-21 07:37:30+00:00,329.8358405837878,24.802016547455704,2.300196033417175,374.67688082287685,,,331.4201764672365,30.0,2.300196033417175
2025-03-21 07:52:30+00:00,329.9156688727088,24.691104991002096,2.2878531784358063,365.40255264149926,,,331.57488065012495,30.0,2.2878531784358063
2025-03-21 08:07:30+00:00,329.9975485475617,24.58006352874776,2.275362310120867,361.4256692881711,,,331.71010329571897,30.0,2.275362310120867
2025-03-21 08:22:30+00:00,330.0815098890725,24.46889277590265,2.2627209872221794,372.67134722253985,,,331.77645382036894,30.0,2.2627209872221794
2025-03-21 08:37:30+00:00,330.16758383857467,24.357593387158463,2.2499267154016893,374.1690696615571,,,331.88971314645624,30.0,2.2499267154016893
2025-03-21 08:52:30+00:00,330.25580193094993,24.246166050931965,2.236976950518713,362.09962340334664,,,332.0704754981957,30.0,2.236976950518713
2025-03-21 09:07:30+00:00,330.34619631507786,24.134611490884232,2.223869097163134,345.9124582637729,,,332.28261757628536,30.0,2.223869097163134
2025-03-21 09:22:30+00:00,330.4387997779939,24.02293046799547,2.210600506981296,340.0124238071204,,,332.44633319873145,30.0,2.210600506981296
2025-03-21 09:37:30+00:00,330.53364575990076,23.911123781999606,2.1971684774897846,340.21683350330966,,,332.5775032418777,30.0,2.1971684774897846
2025-03-21 09:52:30+00:00,330.63076836609747,23.799192272306172,2.183570251067371,345.06329446715654,,,332.6829640164784,30.0,2.183570251067371
2025-03-21 10:07:30+00:00,330.73020237855394,23.687136819047325,2.169803013948741,347.53659199440926,,,332.80461478414804,30.0,2.169803013948741
2025-03-21 10:22:30+00:00,330.831983323848,23.57495834843121,2.1558638920922917,337.6330342237062,,,333.0051862333974,30.0,2.1558638920922917
2025-03-21 10:37:30+00:00,330.93614742355817,23.462657829366243,2.141749953566406,334.73367070116865,,,333.16648745271976,30.0,2.141749953566406
2025-03-21 10:52:30+00:00,331.0427316352113,23.35023627664567,2.1274582059222,352.78718182362365,,,333.1953283810157,30.0,2.1274582059222
2025-03-21 11:07:30+00:00,331.1517736636525,23.237694752370544,2.1129855951981424,331.35225375626044,,,333.4824078040085,30.0,2.1129855951981424
2025-03-21 11:22:30+00:00,331.26331199213007,23.125034368101133,2.0983290038274016,315.412847612428,,,333.7525155565209,30.0,2.0983290038274016
2025-03-21 11:37:30+00:00,331.37738591075106,23.012256287176903,2.0834852486682527,279.33377334316884,,,334.2342052830728,30.0,2.0834852486682527
2025-03-21 11:52:30+00:00,331.49403550942736,22.899361725266797,2.068451081064344,312.3961466256991,,,334.08977427417716,30.0,2.068451081064344
2025-03-21 12:07:30+00:00,331.6133017075213,22.78635195258067,2.0532231848232683,291.02379935551505,,,334.4440138330236,30.0,2.0532231848232683
2025-03-21 12:22:30+00:00,331.7352262621119,22.67322829535471,2.0377981754214587,263.688508084161,,,334.90837711090796,30.0,2.0377981754214587
2025-03-21 12:37:30+00:00,331.8598518322553,22.559992139491797,2.022172596000119,259.82063128469935,,,335.13001198882654,30.0,2.022172596000119
2025-03-21 12:52:30+00:00,331.987221956464,22.44664493104193,2.0063429183370323,246.66402499626489,,,335.484284090395,30.0,2.0063429183370323
2025-03-21 13:07:30+00:00,332.11738108728855,22.33318817874443,1.9903055405583976,226.8587180184028,,,335.97685928851797,30.0,1.9903055405583976
2025-03-21 13:22:30+00:00,332.2503746039828,22.21962345620753,1.974056786113097,223.0293030537277,,,336.2342702195345,30.0,1.974056786113097
2025-03-21 13:37:30+00:00,332.3862488600429,22.105952404439872,1.957592900750804,226.12785251684065,,,336.37296160264515,30.0,1.957592900750804
2025-03-21 13:52:30+00:00,332.5250512005424,21.99217673423093,1.940910051239872,233.12394847443537,,,336.4478573862407,30.0,1.940910051239872
2025-03-21 14:07:30+00:00,332.66682997029426,21.878298228479675,1.9240043246371603,218.91912878052568,,,336.90357754098216,30.0,1.9240043246371603
2025-03-21 14:22:30+00:00,332.8116345460636,21.764318744719972,1.906871726186115,226.42406605042123,,,336.96544052236413,30.0,1.906871726186115
2025-03-21 14:37:30+00:00,332.9595153423198,21.650240217738435,1.8895081787730872,244.02298404317276,,,336.86713701572944,30.0,1.8895081787730872
2025-03-21 14:52:30+00:00,333.11052390239837,21.536064662488545,1.8719095173957827,236.60445749400753,,,337.19577425956544,30.0,1.8719095173957827
2025-03-21 15:07:30+00:00,333.2647128630457,21.42179417691988,1.854071491055138,231.7855340295842,,,337.49119849311285,30.0,1.854071491055138
2025-03-21 15:22:30+00:00,333.4221359975695,21.307430944884324,1.83598976009714,225.76148314635935,,,337.819248344064,30.0,1.83598976009714
2025-03-21 15:37:30+00:00,333.58284823736403,21.192977239446268,1.8176598948283005,216.64401910160345,,,338.22534571911575,30.0,1.8176598948283005
2025-03-21 15:52:30+00:00,333.7469057061508,21.078435425781404,1.7990773734240575,213.48031414224744,,,338.51947730111084,30.0,1.7990773734240575
2025-03-21 16:07:30+00:00,333.9143657887661,20.963807963996164,1.7802375777907429,219.0666614900804,,,338.62498961289504,30.0,1.7802375777907429
2025-03-21 16:22:30+00:00,334.0852871050315,20.849097413613645,1.7611357951156104,224.2063620950611,,,338.74635320966075,30.0,1.7611357951156104
2025-03-21 16:37:30+00:00,334.259729559277,20.73430643665416,1.741767214962319,236.2425748340257,,,338.7388117079742,30.0,1.741767214962319
2025-03-21 16:52:30+00:00,334.43775435537503,20.619437801843965,1.7221269284888454,229.89192513838856,,,339.09763091495995,30.0,1.7221269284888454
2025-03-21 17:07:30+00:00,334.6194240757237,20.50449438699321,1.7022099238284285,243.14232641256552,,,339.07934120583224,30.0,1.7022099238284285
2025-03-21 17:22:30+00:00,334.80480269272147,20.38947918376539,1.6820110855983683,242.73377439765864,,,339.3263385237744,30.0,1.6820110855983683
2025-03-21 17:37:30+00:00,334.99395558334794,20.274395302360777,1.661525194289582,238.79707769830452,,,339.6450683351449,30.0,1.661525194289582
2025-03-21 17:52:30+00:00,335.18694957086086,20.15924597570353,1.640746924081876,247.54710766075,,,339.7267815750606,30.0,1.640746924081876
2025-03-21 18:07:30+00:00,335.38385295010625,20.04403456418285,1.6196708417371288,258.0660547917805,,,339.78962232452704,30.0,1.6196708417371288
2025-03-21 18:22:30+00:00,335.5847355887657,19.928764557182443,1.5982914008869176,269.8723224152931,,,339.8465414716811,30.0,1.5982914008869176
2025-03-21 18:37:30+00:00,335.78966888934025,19.81343958173148,1.5766029449431742,269.42190472492916,,,340.10748284163293,30.0,1.5766029449431742
2025-03-21 18:52:30+00:00,335.9987258497533,19.698063406128696,1.5545997040574562,252.4950438230384,,,340.6581825128631,30.0,1.5545997040574562
2025-03-21 19:07:30+00:00,336.21198108211354,19.582639946313755,1.532275794765286,248.81779710369997,,,340.9932756002577,30.0,1.532275794765286
2025-03-21 19:22:30+00:00,336.42951092145137,19.4671732667959,1.509625214149562,250.9357359542168,,,341.22299940337575,30.0,1.509625214149562
2025-03-21 19:37:30+00:00,336.6513933979253,19.351667590653864,1.4866418425621144,246.98140311371668,,,341.5750369954065,30.0,1.4866418425621144
2025-03-21 19:52:30+00:00,336.8777082934907,19.236127304123112,1.4633194412550017,241.09832860214496,,,341.976222281281,30.0,1.4633194412550017
2025-03-21 20:07:30+00:00,337.1085371686735,19.12055696379035,1.4396516520046412,240.093955041348,,,342.2833506263436,30.0,1.4396516520046412
2025-03-21 20:22:30+00:00,337.3439634627734,19.00496129798314,1.415631992282467,238.82216144936763,,,342.6016101697014,30.0,1.415631992282467
2025-03-21 20:37:30+00:00,337.58407247744833,18.889345218086177,1.3912538578667597,229.6540746204915,,,343.1091040063729,30.0,1.3912538578667597
2025-03-21 20:52:30+00:00,337.82895143233196,18.77371382423257,1.3665105211356212,235.6885340678043,,,343.26855081420285,30.0,1.3665105211356212
2025-03-21 21:07:30+00:00,338.07868951661635,18.658072411298612,1.3413951297776063,226.52094576231704,,,343.79673711377205,30.0,1.3413951297776063
2025-03-21 21:22:30+00:00,338.33337794501426,18.542426475062957,1.3159007054275973,237.56325393165,,,343.84123486279873,30.0,1.3159007054275973
2025-03-21 21:37:30+00:00,338.5931099769776,18.42678172214129,1.2900201448240047,240.3929029001825,,,344.09107236461665,30.0,1.2900201448240047
2025-03-21 21:52:30+00:00,338.8579809750223,18.311144076211253,1.2637462187417878,215.78766166698065,,,345.0440485346126,30.0,1.2637462187417878
2025-03-21 22:07:30+00:00,339.12808845582475,18.1955196854188,1.2370715716030127,218.6434755600419,,,345.29374902079064,30.0,1.2370715716030127
2025-03-21 22:22:30+00:00,339.403532122232,18.079914932278275,1.2099887225995778,207.4741949942511,,,345.9647510434519,30.0,1.2099887225995778
2025-03-21 22:37:30+00:00,339.6844139201895,17.964336440784013,1.1824900654669794,207.25239740653024,,,346.3163409365838,30.0,1.1824900654669794
2025-03-21 22:52:30+00:00,339.9708380789982,17.848791086136583,1.154567869684291,210.58443709684752,,,346.56049004074754,30.0,1.154567869684291
2025-03-21 23:07:30+00:00,340.26291116142164,17.733286003349654,1.1262142813247402,219.6800869666498,,,346.639770096379,30.0,1.1262142813247402
2025-03-21 23:22:30+00:00,340.5607421038815,17.617828597648575,1.0974213249240874,215.9708463522213,,,347.1081733007427,30.0,1.0974213249240874
2025-03-21 23:37:30+00:00,340.86444227067915,17.502426552985376,1.068180904828921,229.92196296152505,,,347.0719104393244,30.0,1.068180904828921
2025-03-21 23:52:30+00:00,341.17412549352497,17.387087843276028,1.0384848078710809,240.79042242908088,,,347.1561119374131,30.0,1.0384848078710809
2025-03-22 00:07:30+00:00,341.489908110215,17.27182074400938,1.0083247065793008,255.8895175487031,,,347.170362140431,30.0,1.0083247065793008
2025-03-22 00:22:30+00:00,341.8119090298232,17.15663383954456,0.9776921610993256,266.59160616531426,,,347.3136692033516,30.0,0.9776921610993256
2025-03-22 00:37:30+00:00,342.14024975245883,17.04153603875278,0.9465786245934724,278.12425471023136,,,347.4611353666006,30.0,0.9465786245934724
2025-03-22 00:52:30+00:00,342.4750544221418,16.92653658463802,0.914975447009379,298.79702416649104,,,347.47175873390154,30.0,0.914975447009379
2025-03-22 01:07:30+00:00,342.8164498771785,16.811645064846417,0.8828738795959709,259.0706193169846,,,348.63000407308533,30.0,0.8828738795959709
2025-03-22 01:22:30+00:00,343.16456566594525,16.696871428828246,0.8502650822785005,150.8611439778271,,,353.2349409160339,30.0,0.8502650822785005
2025-03-22 01:37:30+00:00,343.51953410882567,16.582225995686024,0.8171401286898835,169.39105629122977,,,352.56558983182043,30.0,0.8171401286898835
2025-03-22 01:52:30+00:00,343.8814903261153,16.46771946936975,0.7834900141106423,165.86479083261747,,,353.19870386388834,30.0,0.7834900141106423
2025-03-22 02:07:30+00:00,344.2505722529459,16.35336295645025,0.7493056650272163,171.1765563965833,,,353.3549573167427,30.0,0.7493056650272163
2025-03-22 02:22:30+00:00,344.6269207054855,16.23916797199374,0.7145779460983123,176.852034944973,,,353.512871301854,30.0,0.7145779460983123
2025-03-22 02:37:30+00:00,345.0106793816453,16.125146460767468,0.6792976722906461,176.52527675575797,,,353.9868431683913,30.0,0.6792976722906461
2025-03-22 02:52:30+00:00,345.40199487686107,16.011310814200097,0.6434556209214567,178.0015235748902,,,354.3767490809279,30.0,0.6434556209214567
2025-03-22 03:07:30+00:00,345.801016745005,15.897673875332206,0.607042541666475,173.30242961570255,,,355.094004491309,30.0,0.607042541666475
2025-03-22 03:22:30+00:00,346.207897469767,15.784248966632944,0.570049173515887,174.858420992917,,,355.49226915957684,30.0,0.570049173515887
2025-03-22 03:37:30+00:00,346.6227924888024,15.67104990231797,0.5324662593178281,186.35728808714913,,,355.40365648151123,30.0,0.5324662593178281
2025-03-22 03:52:30+00:00,347.04586022009295,15.558090999192824,0.4942845612948101,186.6022659124431,,,355.88432739102035,30.0,0.4942845612948101
2025-03-22 04:07:30+00:00,347.477262022203,15.44538710551716,0.4554948821820141,190.08334253587367,,,356.22157836979505,30.0,0.4554948821820141
2025-03-22 04:22:30+00:00,347.91716221329983,15.332953609527998,0.4160880837143081,190.75092792194113,,,356.69818832102106,30.0,0.4160880837143081
2025-03-22 04:37:30+00:00,348.36572805430524,15.22080645849628,0.3760551088555349,192.01711590514935,,,357.1555495656836,30.0,0.3760551088555349
2025-03-22 04:52:30+00:00,348.8231296963135,15.108962186887496,0.3353870078289053,199.89578389429695,,,357.33040709609514,30.0,0.3353870078289053
2025-03-22 05:07:30+00:00,349.289540187494,14.99743791990008,0.2940749616502731,210.16227045075124,,,357.44183624361807,30.0,0.2940749616502731
2025-03-22 05:22:30+00:00,349.76513540114763,14.886251404365844,0.2521103125182465,229.1269763331042,,,357.29808795249716,30.0,0.2521103125182465
2025-03-22 05:37:30+00:00,350.25009397449463,14.775421030564488,0.2094845951055367,236.35052503679705,,,357.6063694107723,30.0,0.2094845951055367
2025-03-22 05:52:30+00:00,350.7445972783131,14.664965836427342,0.1661895674969202,228.83965184692937,,,358.39743900589,30.0,0.1661895674969202
2025-03-22 06:07:30+00:00,351.248829292864,14.55490554809438,0.1222172502024359,227.6386570209609,,,358.99726111015406,30.0,0.1222172502024359
2025-03-22 06:22:30+00:00,351.7629765377163,14.445260587912578,0.0775599634072498,235.33339880192477,,,359.3112640628109,30.0,0.0775599634072498
2025-03-22 06:37:30+00:00,352.2872279639522,14.336052094593972,0.0322103686688508,242.36079740744375,,,359.66810753762934,30.0,0.0322103686688508
2025-03-22 06:52:30+00:00,352.82177480008073,14.22730195913616,-0.013838484274975,214.36900041736223,,,1.224366645540897,30.0,-0.013838484274975
2025-03-22 07:07:30+00:00,353.36681044395795,14.11903282264031,-0.0605931117541905,199.7999259466166,,,2.4439891843130113,30.0,-0.0605931117541905
2025-03-22 07:22:30+00:00,353.92253026735176,14.011268117918524,-0.1080595424135555,195.0026743601796,,,3.286127278989852,30.0,-0.1080595424135555
2025-03-22 07:37:30+00:00,354.489131436166,13.904032084751048,-0.1562432623761253,199.6634811299673,,,3.69548651191775,30.0,-0.1562432623761253
2025-03-22 07:52:30+00:00,355.06681271623006,13.797349780183923,-0.2051491572366561,196.06269348590695,,,4.504386370969485,30.0,-0.2051491572366561
2025-03-22 08:07:30+00:00,355.6557742121428,13.6912471224452,-0.2547814473455003,181.3706437813022,,,5.924652810782845,30.0,-0.2547814473455003
2025-03-22 08:22:30+00:00,356.25621713193084,13.58575088526514,-0.3051436225810115,193.80845097816749,,,5.928245729149694,30.0,-0.3051436225810115
2025-03-22 08:37:30+00:00,356.86834348447275,13.48088873769851,-0.356238370404737,180.30050083472457,,,7.331410507833425,30.0,-0.356238370404737
2025-03-22 08:52:30+00:00,357.4923557603738,13.37668925992763,-0.4080675005957083,175.9157610284326,,,8.283861196700741,30.0,-0.4080675005957083
2025-03-22 09:07:30+00:00,358.12845659196694,13.273181949114598,-0.4606318664282669,173.68791736227047,,,9.12643815186425,30.0,-0.4606318664282669
2025-03-22 09:22:30+00:00,358.7768483582076,13.170397264342428,-0.5139312800801521,204.7781901875294,,,8.162391842728425,30.0,-0.5139312800801521
2025-03-22 09:37:30+00:00,359.4377327703569,13.068366611882752,-0.5679644247776496,200.19968556007584,,,9.096122535156724,30.0,-0.5679644247776496
2025-03-22 10:07:30+00:00,0.7977802563297343,12.866697983320112,-0.6782204357746958,194.70703599850884,,,10.846915403164914,30.0,-0.6782204357746958
2025-03-22 10:22:30+00:00,1.4973390923477683,12.767127787137646,-0.7344341687368063,195.1621634763441,,,11.581303539278816,30.0,-0.7344341687368063
2025-03-22 10:37:30+00:00,2.2101809872091267,12.668447224692043,-0.7913631603633146,198.6546204458411,,,12.17359243780025,30.0,-0.7913631603633146
2025-03-22 10:52:30+00:00,2.9364966228203495,12.57069273146382,-0.8489989752599407,206.67184728816773,,,12.567423091461464,30.0,-0.8489989752599407
2025-03-22 11:07:30+00:00,3.6764726510958536,12.473901796243403,-0.9073314324705494,202.98989128863064,,,13.536544780045398,30.0,-0.9073314324705494
2025-03-22 11:22:30+00:00,4.430290946042348,12.378112937835686,-0.9663484878467244,209.7030206594324,,,14.026882022336745,30.0,-0.9663484878467244
2025-03-22 11:37:30+00:00,5.198127853542287,12.283365724172818,-1.026036116722742,214.0713564523707,,,14.649435962884361,30.0,-1.026036116722742
2025-03-22 11:52:30+00:00,5.980153356392302,12.189700764131649,-1.0863781919986977,215.7686123088583,,,15.406691079711296,30.0,-1.0863781919986977
2025-03-22 12:07:30+00:00,6.776530209272132,12.097159705209434,-1.147356361951113,216.97823117580683,,,16.1992230671627,30.0,-1.147356361951113
2025-03-22 12:22:30+00:00,7.587413002878718,12.00578522133156,-1.208949925802543,159.8247403259648,,,20.444961008077406,30.0,-1.208949925802543
2025-03-22 12:37:30+00:00,8.412947202664489,11.9156210077568,-1.2711357108681138,151.6371946772128,,,22.032634005916012,30.0,-1.2711357108681138
2025-03-22 12:52:30+00:00,9.25326809275662,11.826711752395749,-1.3338879477114949,156.47438287112823,,,22.51681048189151,30.0,-1.3338879477114949
2025-03-22 13:07:30+00:00,10.108499753991012,11.739103133750987,-1.397178152571802,168.3333932287668,,,22.49706715009482,30.0,-1.397178152571802
2025-03-22 13:22:30+00:00,10.97875384232042,11.652841764920582,-1.460975003335253,203.78819067377668,,,21.26031481039616,30.0,-1.460975003335253
2025-03-22 13:37:30+00:00,11.86412853571622,11.567975194931073,-1.5252442335295375,200.6423961963897,,,22.355194131328652,30.0,-1.5252442335295375
2025-03-22 13:52:30+00:00,12.764707186799187,11.484551837052244,-1.5899485164853342,194.7692756535974,,,23.621037321061138,30.0,-1.5899485164853342
2025-03-22 14:07:30+00:00,13.680557190850736,11.402620952513644,-1.6550473729963588,181.09348914858097,,,25.40840086732016,30.0,-1.6550473729963588
2025-03-22 14:22:30+00:00,14.611728581711802,11.322232576967544,-1.7204970735450855,209.47021076794655,,,24.794639760287286,30.0,-1.7204970735450855
2025-03-22 14:37:30+00:00,15.558252800099444,11.243437476595888,-1.7862505641426352,214.08107363405028,,,25.563878147286786,30.0,-1.7862505641426352
2025-03-22 14:52:30+00:00,16.520141286744714,11.166287074917475,-1.8522573959840969,229.7408781172252,,,25.882104531049457,30.0,-1.8522573959840969
2025-03-22 15:07:30+00:00,17.49738414714082,11.090833379795525,-1.918463675626128,246.99955655258765,,,26.240082156123016,30.0,-1.918463675626128
2025-03-22 15:22:30+00:00,18.489948807547893,11.017128908279362,-1.984812032314473,274.0161477706509,,,26.401379067350938,30.0,-1.984812032314473
2025-03-22 15:37:30+00:00,19.497778578225898,10.945226585857093,-2.0512415993128568,252.18305018167536,,,28.12671278499432,30.0,-2.0512415993128568
2025-03-22 15:52:30+00:00,20.520791426797015,10.87517966429663,-2.117688028376583,261.4006482919002,,,28.876051365763075,30.0,-2.117688028376583
2025-03-22 16:07:30+00:00,21.558878487527146,10.807041598484608,-2.1840835115742943,290.33924465303807,,,29.10815688774446,30.0,-2.1840835115742943
2025-03-22 16:22:30+00:00,22.611902994067773,10.740865951070823,-2.2503568511011043,278.11595377408946,,,30.520147999213656,30.0,-2.2503568511011043
2025-03-22 16:37:30+00:00,23.67969878803163,10.67670625224003,-2.3164335305081036,286.6529517700104,,,31.377984047428676,30.0,-2.3164335305081036
2025-03-22 16:52:30+00:00,24.76206946676735,10.614615886113093,-2.3822358476984644,289.13431771398933,,,32.41881177965585,30.0,-2.3822358476984644
2025-03-22 17:07:30+00:00,25.8587869621976,10.554647939527598,-2.4476830440832646,270.5091009287323,,,34.06803148012904,30.0,-2.4476830440832646
2025-03-22 17:22:30+00:00,26.969590939470883,10.496855066455428,-2.5126915057291113,267.94012911361574,,,35.282176871698674,30.0,-2.5126915057291113
2025-03-22 17:37:30+00:00,28.09418754830948,10.441289330985796,-2.5771749584102293,266.414841857051,,,36.47818367072992,30.0,-2.5771749584102293
2025-03-22 17:52:30+00:00,29.232249105166957,10.388002049054666,-2.6410447392621177,238.49652333176655,,,38.62318873667908,30.0,-2.6410447392621177
2025-03-22 18:07:30+00:00,30.383413122257384,10.337043629733234,-2.704210062726265,231.20795868357595,,,40.095561265966495,30.0,-2.704210062726265
2025-03-22 18:22:30+00:00,31.5472823018376,10.288463396076304,-2.766578361741746,209.4056500417362,,,42.29710614526429,30.0,-2.766578361741746
2025-03-22 18:37:30+00:00,32.7234239343326,10.242309428289207,-2.828055625077161,176.63357057083442,,,45.497579288409405,30.0,-2.828055625077161
2025-03-22 18:52:30+00:00,33.91137025767797,10.198628368033244,-2.888546804518221,196.77455954098255,,,45.40336947672673,30.0,-2.888546804518221
2025-03-22 19:07:30+00:00,35.110618299390055,10.157465266382475,-2.947956218910578,292.7276334875065,,,42.85171850906016,30.0,-2.947956218910578
2025-03-22 19:22:30+00:00,36.32063063340831,10.11886337802257,-3.0061880185658,226.64764899427848,,,46.338128378252,30.0,-3.0061880185658
2025-03-22 19:37:30+00:00,37.540835725716235,10.082864017493366,-3.0631466461262384,211.43005332512115,,,48.29878349033727,30.0,-3.0631466461262384
2025-03-22 19:52:30+00:00,38.77062912933037,10.049506349822398,-3.118737345442336,154.80169214062272,,,53.4885751116209,30.0,-3.118737345442336
2025-03-22 20:07:30+00:00,40.00937435727786,10.01882725984462,-3.172866663386676,161.0836478436824,,,54.175098507381264,30.0,-3.172866663386676
2025-03-22 20:22:30+00:00,41.256404533506235,9.990861146298322,-3.225442985458216,147.98061494075887,,,56.69802352361819,30.0,-3.225442985458216
2025-03-22 20:37:30+00:00,42.5110238060216,9.965639809003566,-3.276377058516789,141.54659059597714,,,58.674892973542256,30.0,-3.276377058516789
2025-03-22 20:52:30+00:00,43.772509441214794,9.943192253541689,-3.3255825309740796,190.05656676985916,,,55.824206153968035,30.0,-3.3255825309740796
2025-03-22 21:07:30+00:00,45.040113751996074,9.92354460266012,-3.3729764723600897,211.90829860791607,,,55.85964226544453,30.0,-3.3729764723600897
2025-03-22 21:22:30+00:00,46.31306661271744,9.906719916397403,-3.4184798937445477,221.79684587581244,,,56.65888223109153,30.0,-3.4184798937445477
2025-03-22 21:37:30+00:00,47.59057784518708,9.89273813423852,-3.4620182378937328,218.21853627012763,,,58.11335946837339,30.0,-3.4620182378937328
2025-03-22 21:52:30+00:00,48.871840086935265,9.88161591757462,-3.5035218539502195,240.5293963835308,,,58.423837490271275,30.0,-3.5035218539502195
2025-03-22 22:07:30+00:00,50.15603157450156,9.873366620129726,-3.542926432696264,268.4128720280928,,,58.719250726151635,30.0,-3.542926432696264
2025-03-22 22:22:30+00:00,51.44231924705437,9.868000176620011,-3.5801734099368616,343.25241522756505,,,58.140279688444295,30.0,-3.5801734099368616
2025-03-22 22:37:30+00:00,52.72986187111196,9.865523065934632,-3.615210324213488,370.6757929883138,,,58.93305622638963,30.0,-3.615210324213488
2025-03-22 22:52:30+00:00,54.01781322603013,9.865938297533445,-3.647991126480899,385.1574933579312,,,59.987647921088175,30.0,-3.647991126480899
2025-03-22 23:07:30+00:00,55.3053254296164,9.86924536778562,-3.678476440135976,374.9071982716292,,,61.43737332664009,30.0,-3.678476440135976
2025-03-22 23:22:30+00:00,56.59155218077115,9.875440265414156,-3.706633763498729,383.967181074148,,,62.57706747366019,30.0,-3.706633763498729
2025-03-22 23:37:30+00:00,57.87565208323997,9.884515516940825,-3.732437616845908,422.2233133654129,,,63.31638678525235,30.0,-3.732437616845908
2025-03-22 23:52:30+00:00,59.15679182182706,9.896460198319428,-3.7558696283938513,374.6513340038781,,,65.28473194139725,30.0,-3.7558696283938513
2025-03-23 00:07:30+00:00,60.434149339730595,9.911260001630936,-3.776918562392527,349.15953570292334,,,67.00464378733466,30.0,-3.776918562392527
2025-03-23 00:22:30+00:00,61.706916864218634,9.928897310986748,-3.795580287388122,365.68948247078464,,,67.97490297035915,30.0,-3.795580287388122
2025-03-23 00:37:30+00:00,62.97430381675282,9.94935128486406,-3.8118576872491383,388.2199076733827,,,68.87250916178141,30.0,-3.8118576872491383
2025-03-23 00:52:30+00:00,64.23553954265799,9.972597966889348,-3.825760516666884,479.8641599177704,,,69.00177577185438,30.0,-3.825760516666884
2025-03-23 01:07:30+00:00,65.48987588218786,9.998610398080393,-3.837305204805189,501.17983754436665,,,70.04747204176306,30.0,-3.837305204805189
2025-03-23 01:22:30+00:00,66.73658949895831,10.02735875122371,-3.846514610265885,487.30016694490814,,,71.41726143745845,30.0,-3.846514610265885
2025-03-23 01:37:30+00:00,67.974984037688,10.058810469444436,-3.8534177326515735,412.5267602867525,,,73.4953541662158,30.0,-3.8534177326515735
2025-03-23 01:52:30+00:00,69.20439199178266,10.09293041925062,-3.858049384846912,469.9936401939741,,,74.04148697282118,30.0,-3.858049384846912
2025-03-23 02:07:30+00:00,70.42417639376464,10.129681048802489,-3.860449832125862,486.60179797570567,,,75.08755194052108,30.0,-3.860449832125862
2025-03-23 02:22:30+00:00,71.63373218122057,10.16902255383716,-3.860664403032042,404.9502206781883,,,77.22630622488546,30.0,-3.860664403032042
2025-03-23 02:37:30+00:00,72.83248740959482,10.21091304937818,-3.858743078211866,467.0072610978136,,,77.67166305420818,30.0,-3.858743078211866
2025-03-23 02:52:30+00:00,74.01990409911048,10.255308742760429,-3.854740062665216,484.87709400725345,,,78.67027873337894,30.0,-3.854740062665216
2025-03-23 03:07:30+00:00,75.19547897787396,10.302164111980966,-3.848713346924989,493.58642356683714,,,79.7529568768343,30.0,-3.848713346924989
2025-03-23 03:22:30+00:00,76.3587438298175,10.35143208094874,-3.840724263094648,432.15928987336616,,,81.55100239336514,30.0,-3.840724263094648
2025-03-23 03:37:30+00:00,77.5092657941497,10.40306419774839,-3.830837039716968,427.9583231604717,,,82.73871506976447,30.0,-3.830837039716968
2025-03-23 03:52:30+00:00,78.64664725192469,10.457010807745505,-3.8191183620302462,399.3216625865243,,,84.23568938133634,30.0,-3.8191183620302462
2025-03-23 04:07:30+00:00,79.77052573113208,10.513221226037366,-3.805636939247785,403.99628433900864,,,85.27900787614621,30.0,-3.805636939247785
2025-03-23 04:22:30+00:00,80.88057338675465,10.571643904552252,-3.790463086291086,372.9325779185782,,,86.82999838178398,30.0,-3.790463086291086
2025-03-23 04:37:30+00:00,81.97649656379735,10.63222659387211,-3.7736683187634936,401.33030115809817,,,87.4877071569554,30.0,-3.7736683187634936
2025-03-23 04:52:30+00:00,83.05803494900755,10.694916501302709,-3.7553249694390938,379.6168845308716,,,88.86561795557594,30.0,-3.7553249694390938
2025-03-23 05:07:30+00:00,84.12496083167802,10.759660438886415,-3.735505822600583,381.07091585846706,,,89.89098144550215,30.0,-3.735505822600583
2025-03-23 05:22:30+00:00,85.1770780444906,10.826404968200425,-3.714283773858543,404.62768687111463,,,90.58857247885452,30.0,-3.714283773858543
2025-03-23 05:37:30+00:00,86.21422092644143,10.895096535492367,-3.69173151235486,394.6947097621719,,,91.74202707002279,30.0,-3.69173151235486
2025-03-23 05:52:30+00:00,87.23625316096735,10.965681598189184,-3.667921228520293,390.5229646309741,,,92.80246863497561,30.0,-3.667921228520293
2025-03-23 06:07:30+00:00,88.24306651638327,11.03810674716296,-3.642924348020943,383.3295605670468,,,93.89215852306904,30.0,-3.642924348020943
2025-03-23 06:22:30+00:00,89.23457959970897,11.112318815054255,-3.616811290018029,374.49354366120406,,,94.99432876829243,30.0,-3.616811290018029
2025-03-23 06:37:30+00:00,90.21073648764664,11.188264982717188,-3.589651252683131,298.2492187834425,,,97.41382580364981,30.0,-3.589651252683131
2025-03-23 06:52:30+00:00,91.17150540739968,11.265892871698863,-3.5615120220559393,324.36464207154984,,,97.76732478608827,30.0,-3.5615120220559393
2025-03-23 07:07:30+00:00,92.11687734370064,11.345150633318646,-3.5324598065509627,339.47562878020744,,,98.39243620309385,30.0,-3.5324598065509627
2025-03-23 07:22:30+00:00,93.04686468278258,11.425987025747505,-3.5025590938522844,273.7990737250256,,,100.79403372077356,30.0,-3.5025590938522844
2025-03-23 07:37:30+00:00,93.9614998356214,11.508351487130437,-3.4718725307557565,203.76648828416268,,,104.32513536021281,30.0,-3.4718725307557565
2025-03-23 07:52:30+00:00,94.8608339020393,11.592194196190285,-3.440460823335314,162.11515316224717,,,107.82807767102014,30.0,-3.440460823335314
2025-03-23 08:07:30+00:00,95.74493531868444,11.677466133318928,-3.408382657960874,171.9285709645778,,,107.91538826857136,30.0,-3.408382657960874
2025-03-23 08:22:30+00:00,96.613888589578,11.764119124483218,-3.375694639070203,178.76305470357573,,,108.26368246654188,30.0,-3.375694639070203
2025-03-23 08:37:30+00:00,97.46779299081678,11.852105891475846,-3.3424512457400284,192.4234725860624,,,108.23833231431998,30.0,-3.3424512457400284
2025-03-23 08:52:30+00:00,98.30676138244314,11.94138007961686,-3.3087048015971408,209.72162907170863,,,108.14031742030858,30.0,-3.3087048015971408
2025-03-23 09:07:30+00:00,99.13091899211982,12.03189629909486,-3.2745054611711115,197.67576310712408,,,109.51141446683712,30.0,-3.2745054611711115
2025-03-23 09:22:30+00:00,99.94040231933072,12.123610139522812,-3.2399012064286956,205.85083666576077,,,109.85777064641806,30.0,-3.2399012064286956
2025-03-23 09:37:30+00:00,100.73535801697234,12.216478201134636,-3.2049378571405005,225.641694490818,,,109.73587967356279,30.0,-3.2049378571405005
2025-03-23 09:52:30+00:00,101.51594188885308,12.310458099999998,-3.169659088958781,225.1116201420973,,,110.48998051965509,30.0,-3.169659088958781
2025-03-23 10:07:30+00:00,102.28231788336304,12.405508489159326,-3.134106462331466,226.09983775776527,,,111.16912453456008,30.0,-3.134106462331466
2025-03-23 10:22:30+00:00,103.0346571838263,12.501589056643317,-3.09831945740623,230.4008080694715,,,111.70794734355616,30.0,-3.09831945740623
2025-03-23 10:37:30+00:00,103.77313731577546,12.598660537384813,-3.062335516844238,229.963664931749,,,112.41470866270153,30.0,-3.062335516844238
2025-03-23 10:52:30+00:00,104.49794133490498,12.6966847061029,-3.026190093047309,229.80488313856424,,,113.09677069504647,30.0,-3.026190093047309
2025-03-23 11:07:30+00:00,105.20925704095572,12.795624380671942,-2.989916701009628,210.07775605256492,,,114.56176546523244,30.0,-2.989916701009628
2025-03-23 11:22:30+00:00,105.90727626222936,12.895443411355611,-2.9535469740907314,228.01816256666427,,,114.4739384309244,30.0,-2.9535469740907314
2025-03-23 11:37:30+00:00,106.59219417343694,12.99610667703354,-2.917110723403414,247.75144046822527,,,114.43012534682697,30.0,-2.917110723403414
2025-03-23 11:52:30+00:00,107.26420866982204,13.097580071673685,-2.880635999088279,254.21827076134645,,,114.85717351369435,30.0,-2.880635999088279
2025-03-23 12:07:30+00:00,107.92351978184722,13.199830494420798,-2.8441491534622823,218.60169023599644,,,116.70018252080992,30.0,-2.8441491534622823
2025-03-23 12:22:30+00:00,108.57032913705744,13.30282583472311,-2.8076749050649026,206.81368171759135,,,117.79037270543485,30.0,-2.8076749050649026
2025-03-23 12:37:30+00:00,109.20483945918348,13.406534956890118,-2.7712364035047785,202.99580665939297,,,118.53994602754138,30.0,-2.7712364035047785
2025-03-23 12:52:30+00:00,109.82725411186928,13.510927684478574,-2.7348552942099453,209.08879139651356,,,118.83331196573019,30.0,-2.7348552942099453
2025-03-23 13:07:30+00:00,110.43777667703456,13.615974781069518,-2.6985517830878845,199.05111945469065,,,119.83772022605288,30.0,-2.6985517830878845
2025-03-23 13:22:30+00:00,111.03661057018324,13.721647933395472,-2.662344700532764,196.28062274333192,,,120.50775091255528,30.0,-2.662344700532764
2025-03-23 13:37:30+00:00,111.6239586897407,13.827919730434504,-2.626251564565653,195.25148918755644,,,121.08286220284069,30.0,-2.626251564565653
2025-03-23 13:52:30+00:00,112.20002309824504,13.934763644178464,-2.5902886428581633,186.32604728811583,,,122.04654407605724,30.0,-2.5902886428581633
2025-03-23 14:07:30+00:00,112.76500473326556,14.042154009488272,-2.554471013440045,183.8082926797581,,,122.6796785375036,30.0,-2.554471013440045
2025-03-23 14:22:30+00:00,113.31910314681356,14.150066002272975,-2.5188126239178192,164.91827464378616,,,124.29469471876645,30.0,-2.5188126239178192
2025-03-23 14:37:30+00:00,113.8625162717116,14.258475619396886,-2.4833263490156057,176.67188504836204,,,124.03784867643515,30.0,-2.4833263490156057
2025-03-23 14:52:30+00:00,114.39544021155896,14.36735965699626,-2.448024046440448,211.0338936988003,,,122.85503159817657,30.0,-2.448024046440448
2025-03-23 15:07:30+00:00,114.91806905371372,14.47669568899907,-2.4129166109243716,200.3806603742944,,,123.7651016987488,30.0,-2.4129166109243716
2025-03-23 15:22:30+00:00,115.4305947059961,14.586462046375583,-2.3780140262636325,186.04262918818188,,,124.8920758852148,30.0,-2.3780140262636325
2025-03-23 15:37:30+00:00,115.93320674884724,14.69663779555037,-2.3433254156520293,183.9836822720098,,,125.43218323938439,30.0,-2.3433254156520293
2025-03-23 15:52:30+00:00,116.42609230903044,14.807202716695992,-2.30885908992486,190.16966261598787,,,125.54968249088567,30.0,-2.30885908992486
2025-03-23 16:07:30+00:00,116.90943595347711,14.918137285405036,-2.274622593656882,186.28713225024848,,,126.15516981631403,30.0,-2.274622593656882
2025-03-23 16:22:30+00:00,117.3834195842601,15.029422646748646,-2.2406227501164073,242.89319408316183,,,124.42211975297835,30.0,-2.2406227501164073
2025-03-23 16:37:30+00:00,117.84822237819488,15.141040603647784,-2.206865702631837,244.89453888777012,,,124.77734995494104,30.0,-2.206865702631837
2025-03-23 16:52:30+00:00,118.3040206927759,15.2529735852632,-2.1733569566321487,240.4821990138603,,,125.30712807557484,30.0,-2.1733569566321487
2025-03-23 17:07:30+00:00,118.75098804003564,15.365204638698014,-2.1401014167398293,240.50590153498376,,,125.70011391667104,30.0,-2.1401014167398293
2025-03-23 17:22:30+00:00,119.1892950223112,15.477717401886702,-2.1071034247592415,237.24365511910253,,,126.17981593640876,30.0,-2.1071034247592415
2025-03-23 17:37:30+00:00,119.61910930582395,15.59049608672751,-2.0743667943466138,264.4989711534729,,,125.84059782883772,30.0,-2.0743667943466138
2025-03-23 17:52:30+00:00,120.04059561058423,15.703525465640649,-2.0418948435341373,329.03087506414715,,,125.00265050626528,30.0,-2.0418948435341373
2025-03-23 18:07:30+00:00,120.45391566089016,15.816790842174008,-2.009690428289719,295.21683425864813,,,125.94050746873047,30.0,-2.009690428289719
2025-03-23 18:22:30+00:00,120.859228214845,15.930278045049183,-1.9777559703860423,295.05206472525543,,,126.30495838813344,30.0,-1.9777559703860423
2025-03-23 18:37:30+00:00,121.25668904597738,16.04397340591081,-1.9460934868316715,288.7292774779671,,,126.77670364531916,30.0,-1.9460934868316715
2025-03-23 18:52:30+00:00,121.64645093609174,16.15786373864964,-1.914704617514804,284.0223902582736,,,127.21215107303665,30.0,-1.914704617514804
2025-03-23 19:07:30+00:00,122.0286637189964,16.271936332226883,-1.883590648771248,294.4440474721163,,,127.35312615896258,30.0,-1.883590648771248
2025-03-23 19:22:30+00:00,122.40347426487044,16.386178926680795,-1.8527525393061677,327.43103950008424,,,127.15167918353153,30.0,-1.8527525393061677
2025-03-23 19:37:30+00:00,122.77102650898496,16.500579699443836,-1.8221909424628624,331.99108671820704,,,127.4146602410273,30.0,-1.8221909424628624
2025-03-23 19:52:30+00:00,123.13146149948508,16.61512725614853,-1.791906226322747,331.96236151161025,,,127.73609069888911,30.0,-1.791906226322747
2025-03-23 20:07:30+00:00,123.48491738739855,16.729810607398427,-1.7618984962071262,332.07519779342385,,,128.04854231041912,30.0,-1.7618984962071262
2025-03-23 20:22:30+00:00,123.83152947766384,16.844619158835414,-1.7321676126107952,340.8999422713869,,,128.2385569680155,30.0,-1.7321676126107952
2025-03-23 20:37:30+00:00,124.17143028176343,16.95954270163838,-1.7027132080590208,346.90544847473063,,,128.46433216488427,30.0,-1.7027132080590208
2025-03-23 20:52:30+00:00,124.50474951171825,17.07457139061212,-1.6735347066002884,358.65169473326915,,,128.62042693048122,30.0,-1.6735347066002884
2025-03-23 21:07:30+00:00,124.83161414424816,17.189695736317585,-1.6446313382029143,345.47863172764323,,,129.06616659113473,30.0,-1.6446313382029143
2025-03-23 21:22:30+00:00,125.15214847679292,17.304906595787816,-1.616002152770936,336.2677633454131,,,129.4635644599267,30.0,-1.616002152770936
2025-03-23 21:37:30+00:00,125.4664741324685,17.42019515386258,-1.5876460364802356,339.7314733595541,,,129.6951790746956,30.0,-1.5876460364802356
2025-03-23 21:52:30+00:00,125.77471011654276,17.535552913742315,-1.559561724204557,346.8114821719727,,,129.87910193059977,30.0,-1.559561724204557
2025-03-23 22:07:30+00:00,126.076972882134,17.650971689629365,-1.5317478106045612,305.58381616419524,,,130.6919728061913,30.0,-1.5317478106045612
2025-03-23 22:22:30+00:00,126.37337635718826,17.766443593028857,-1.5042027628770278,303.306291736227,,,130.97955281706575,30.0,-1.5042027628770278
2025-03-23 22:37:30+00:00,126.66403196689966,17.881961018365452,-1.4769249331503147,291.6806870075287,,,131.40857000752294,30.0,-1.4769249331503147
2025-03-23 22:52:30+00:00,126.94904871973137,17.99751663922886,-1.449912566247893,321.8437993283228,,,131.20792700235256,30.0,-1.449912566247893
2025-03-23 23:07:30+00:00,127.22853325778549,18.11310339898264,-1.4231638090273788,324.14518023866935,,,131.4164513456076,30.0,-1.4231638090273788
2025-03-23 23:22:30+00:00,127.50258984428052,18.228714493188047,-1.3966767230770316,313.9551652234918,,,131.7843814162604,30.0,-1.3966767230770316
2025-03-23 23:37:30+00:00,127.77132046202568,18.34434336745664,-1.37044928989294,328.90476375354274,,,131.81834505290254,30.0,-1.37044928989294
2025-03-23 23:52:30+00:00,128.0348248605238,18.45998370863635,-1.3444794187116027,324.3927947357139,,,132.09742879426307,30.0,-1.3444794187116027
2025-03-24 00:07:30+00:00,128.2932005880117,18.57562943478877,-1.3187649547707028,335.0681745840993,,,132.18695327766628,30.0,-1.3187649547707028
2025-03-24 00:22:30+00:00,128.5465430103594,18.69127468353349,-1.2933036879206898,360.3192821368948,,,132.1307692413294,30.0,-1.2933036879206898
2025-03-24 00:37:30+00:00,128.79494540250525,18.80691380944966,-1.2680933561781105,346.55783354338917,,,132.48339106618195,30.0,-1.2680933561781105
2025-03-24 00:52:30+00:00,129.03849899625146,18.922541376637273,-1.2431316515470774,341.2769661498087,,,132.74532687983722,30.0,-1.2431316515470774
2025-03-24 01:07:30+00:00,129.2772929791472,19.038152146839906,-1.2184162285624651,325.60468998718795,,,133.12199229300512,30.0,-1.2184162285624651
2025-03-24 01:22:30+00:00,129.51141455765196,19.153741073857628,-1.1939447083214378,322.705206026781,,,133.3497529345752,30.0,-1.1939447083214378
2025-03-24 01:37:30+00:00,129.74094902179093,19.269303298941693,-1.1697146820196862,312.50922079434713,,,133.66228763553315,30.0,-1.1697146820196862
2025-03-24 01:52:30+00:00,129.96597979328493,19.384834144488767,-1.1457237151595343,308.74221263080744,,,133.89242945436843,30.0,-1.1457237151595343
2025-03-24 02:07:30+00:00,130.1865884330372,19.50032910482986,-1.1219693540152305,305.59662930280626,,,134.1102938040596,30.0,-1.1219693540152305
2025-03-24 02:22:30+00:00,130.40285468088763,19.61578383972345,-1.098449129720422,306.16007223452834,,,134.27627325079249,30.0,-1.098449129720422
2025-03-24 02:37:30+00:00,130.6148565347637,19.73119417160553,-1.0751605594531015,312.6878130217028,,,134.36526222560173,30.0,-1.0751605594531015
2025-03-24 02:52:30+00:00,130.82267028409194,19.8465560791112,-1.052101150285346,295.90724123539235,,,134.74123517939827,30.0,-1.052101150285346
2025-03-24 03:07:30+00:00,131.0263705457446,19.961865691570015,-1.029268402554061,281.28056564863004,,,135.10188593595967,30.0,-1.029268402554061
2025-03-24 03:22:30+00:00,131.2260302532121,20.07711928031009,-1.006659816023717,268.88696350457514,,,135.4404451283414,30.0,-1.006659816023717
2025-03-24 03:37:30+00:00,131.4217207630553,20.192313257758055,-0.9842728881606216,230.22867569980977,,,136.28664893687736,30.0,-0.9842728881606216
2025-03-24 03:52:30+00:00,131.61351187129503,20.307444171354703,-0.9621051179888072,233.27595278772017,,,136.35852699892337,30.0,-0.9621051179888072
2025-03-24 04:07:30+00:00,131.80147187404046,20.42250869997331,-0.9401540068376448,234.82548433435576,,,136.45921787322607,30.0,-0.9401540068376448
2025-03-24 04:22:30+00:00,131.98566752663248,20.537503645680353,-0.9184170654850172,239.6721809075732,,,136.49443002787456,30.0,-0.9184170654850172
2025-03-24 04:37:30+00:00,132.16616414422862,20.652425932250654,-0.8968918118655759,257.0019800442598,,,136.31983144717586,30.0,-0.8968918118655759
2025-03-24 04:52:30+00:00,132.3430256296295,20.767272600720432,-0.8755757732946525,293.48518941318537,,,135.93566053736092,30.0,-0.8755757732946525
2025-03-24 05:07:30+00:00,132.51631451239604,20.882040805258512,-0.8544664877778763,293.89947100589336,,,136.05928962751187,30.0,-0.8544664877778763
2025-03-24 05:22:30+00:00,132.68609196544094,20.996727808979156,-0.8335615065967783,312.68255491435855,,,135.97435075983893,30.0,-0.8335615065967783
2025-03-24 05:37:30+00:00,132.85241781067853,21.111330979197607,-0.8128583974681811,313.07993943394024,,,136.09469959237063,30.0,-0.8128583974681811
2025-03-24 05:52:30+00:00,133.0153506015865,21.225847785091144,-0.7923547424515704,356.0739252921536,,,135.8294164410983,30.0,-0.7923547424515704
2025-03-24 06:07:30+00:00,133.17494763678877,21.340275793853376,-0.7720481402375087,348.80311271473965,,,136.01020816006866,30.0,-0.7720481402375087
2025-03-24 06:22:30+00:00,133.33126501250976,21.454612667568295,-0.7519362057268433,345.1117716519402,,,136.1590165124826,30.0,-0.7519362057268433
2025-03-24 06:37:30+00:00,133.48435758550272,21.56885615914606,-0.7320165753774897,357.08912444435504,,,136.18072541757462,30.0,-0.7320165753774897
2025-03-24 06:52:30+00:00,133.63427905007364,21.68300410960157,-0.7122869048743938,354.2281755682043,,,136.31562374004318,30.0,-0.7122869048743938
2025-03-24 07:07:30+00:00,133.7810819696794,21.797054445119805,-0.6927448696741249,351.21911003936606,,,136.4483149527088,30.0,-0.6927448696741249
2025-03-24 07:22:30+00:00,133.92481779692466,21.91100517393145,-0.6733881661808989,368.25302444713793,,,136.433337389106,30.0,-0.6733881661808989
2025-03-24 07:37:30+00:00,134.06553692506353,22.024854383477663,-0.6542145107187436,352.01890155909564,,,136.65280780283382,30.0,-0.6542145107187436
2025-03-24 07:52:30+00:00,134.20328864033536,22.13860023825469,-0.6352216449865167,354.5310560335602,,,136.7355869145573,30.0,-0.6352216449865167
2025-03-24 08:07:30+00:00,134.33812120507028,22.252240976434617,-0.6164073327123559,357.2680130601149,,,136.8146947642291,30.0,-0.6164073327123559
2025-03-24 08:22:30+00:00,134.47008188085536,22.365774907555117,-0.5977693601822186,350.92914420208547,,,136.9544433534287,30.0,-0.5977693601822186
2025-03-24 08:37:30+00:00,134.59921694655353,22.479200410135288,-0.5793055370240825,370.23652990973153,,,136.9190354665641,30.0,-0.5793055370240825
2025-03-24 08:52:30+00:00,134.72557174077238,22.592515928718335,-0.5610136952585592,366.77933167300694,,,137.0319744180565,30.0,-0.5610136952585592
2025-03-24 09:07:30+00:00,134.84919063478404,22.70571997306649,-0.5428916929059417,368.2136894824708,,,137.111498801105,30.0,-0.5428916929059417
2025-03-24 09:22:30+00:00,134.97011707610608,22.81881111525275,-0.5249374128107536,372.6303964551511,,,137.17095131323194,30.0,-0.5249374128107536
2025-03-24 09:37:30+00:00,135.08839363264855,22.931787986884448,-0.5071487613209648,366.6070116861435,,,137.2901946239522,30.0,-0.5071487613209648
2025-03-24 09:52:30+00:00,135.20406200200384,23.044649277533765,-0.4895236692327509,373.9227640781626,,,137.32831573817032,30.0,-0.4895236692327509
2025-03-24 10:07:30+00:00,135.31716303932473,23.15739373247373,-0.4720600914302776,381.6197063132432,,,137.3648332862214,30.0,-0.4720600914302776
2025-03-24 10:22:30+00:00,135.42773677987338,23.270020150587037,-0.4547560067852931,381.5290441333847,,,137.44218181252563,30.0,-0.4547560067852931
2025-03-24 10:37:30+00:00,135.53582239916798,23.38252738519509,-0.4376094222009366,364.34217672023647,,,137.6100287810511,30.0,-0.4376094222009366
2025-03-24 10:52:30+00:00,135.64145830717266,23.494914338951563,-0.4206183675962077,369.5651606844741,,,137.65162123301445,30.0,-0.4206183675962077
2025-03-24 11:07:30+00:00,135.74468214217734,23.6071799631331,-0.4037808975614952,371.8097281290839,,,137.70822774613703,30.0,-0.4037808975614952
2025-03-24 11:22:30+00:00,135.8455307894255,23.71932325612805,-0.3870950912910557,366.2958378907374,,,137.80367070200884,30.0,-0.3870950912910557
2025-03-24 11:37:30+00:00,135.94404041858118,23.831343260621367,-0.3705590511928405,358.1796432374167,,,137.9108348351445,30.0,-0.3705590511928405
2025-03-24 11:52:30+00:00,136.04024645119978,23.943239065108564,-0.3541709061653916,361.0356884115035,,,137.95608787865567,30.0,-0.3541709061653916
2025-03-24 12:07:30+00:00,136.13418359619448,24.05500980123348,-0.337928810245275,361.85432206386673,,,138.01041603661463,30.0,-0.337928810245275
2025-03-24 12:22:30+00:00,136.22588589124544,24.16665464082942,-0.3218309408069087,342.7458462516893,,,138.1695210706346,30.0,-0.3218309408069087
2025-03-24 12:37:30+00:00,136.31538670527286,24.27817279526248,-0.3058754993416517,358.02948892411723,,,138.14048055572775,30.0,-0.3058754993416517
2025-03-24 12:52:30+00:00,136.40271875446206,24.389563514237,-0.2900607112865907,356.4623209224677,,,138.2001499787403,30.0,-0.2900607112865907
2025-03-24 13:07:30+00:00,136.48791413859954,24.50082608277337,-0.2743848244278038,356.2513397816075,,,138.25074323719045,30.0,-0.2743848244278038
2025-03-24 13:22:30+00:00,136.57100430124862,24.61195982436437,-0.2588461124110384,350.4639515471522,,,138.32673027500732,30.0,-0.2588461124110384
2025-03-24 13:37:30+00:00,136.6520200687087,24.722964097760645,-0.2434428729058376,347.4428847040788,,,138.38652639743813,30.0,-0.2434428729058376
2025-03-24 13:52:30+00:00,136.73099168613038,24.833838294043204,-0.2281734259242488,340.7578522343441,,,138.46236765657665,30.0,-0.2281734259242488
2025-03-24 14:07:30+00:00,136.80794881788756,24.944581836464057,-0.2130361145146969,346.659477858688,,,138.47336687065018,30.0,-0.2130361145146969
2025-03-24 14:22:30+00:00,136.8829205612627,25.055194179497313,-0.1980293045257281,339.7057110688357,,,138.54524448680723,30.0,-0.1980293045257281
2025-03-24 14:37:30+00:00,136.95593546940356,25.165674806783912,-0.1831513837161715,338.439552301826,,,138.58719856502384,30.0,-0.1831513837161715
2025-03-24 14:52:30+00:00,137.02702155647688,25.27602323079309,-0.168400762035332,327.0683697635594,,,138.67646895029446,30.0,-0.168400762035332
2025-03-24 15:07:30+00:00,137.0962062637326,25.38623899662882,-0.1537758745125265,307.1994991652755,,,138.81136315542796,30.0,-0.1537758745125265
2025-03-24 15:22:30+00:00,137.16351653956391,25.49632167412832,-0.1392751764363519,262.1928019567497,,,139.12514096666803,30.0,-0.1392751764363519
2025-03-24 15:37:30+00:00,137.2289788267423,25.606270859318837,-0.1248971447563816,301.28424156993174,,,138.89440783842144,30.0,-0.1248971447563816
2025-03-24 15:52:30+00:00,137.29261907436037,25.71608617366706,-0.1106402778160482,255.9537213184765,,,139.20400568775537,30.0,-0.1106402778160482
2025-03-24 16:07:30+00:00,137.35446274876486,25.825767263236955,-0.0965030951066816,266.5532047576051,,,139.14285184540267,30.0,-0.0965030951066816
2025-03-24 16:22:30+00:00,137.41453486985773,25.935313794623458,-0.0824841353090824,256.283728695112,,,139.2257717461422,30.0,-0.0824841353090824
2025-03-24 16:37:30+00:00,137.47285994892127,26.044725463245683,-0.0685819609373612,253.14954236308245,,,139.25716353710627,30.0,-0.0685819609373612
2025-03-24 16:52:30+00:00,137.52946205391797,26.154001985740827,-0.054795154389182,272.7431898692944,,,139.13982734801692,30.0,-0.054795154389182
2025-03-24 17:07:30+00:00,137.5843648195286,26.263143099089213,-0.0411223176759878,241.29372246917555,,,139.35296516693464,30.0,-0.0411223176759878
2025-03-24 17:22:30+00:00,137.63759144941474,26.372148561001573,-0.0275620726806882,237.9896727103312,,,139.37843861472567,30.0,-0.0275620726806882
2025-03-24 17:37:30+00:00,137.68916472581435,26.48101814922626,-0.0141130608989071,236.7096912493585,,,139.38690108634577,30.0,-0.0141130608989071
2025-03-24 17:52:30+00:00,137.73910701846003,26.5897516607572,-0.0007739431987768,227.20037271421364,,,139.4532467786912,30.0,-0.0007739431987768
2025-03-24 18:07:30+00:00,137.78744032456245,26.69834890695064,0.012456602511404,224.78709652273895,,,139.4648110568719,30.0,0.012456602511404
2025-03-24 18:22:30+00:00,137.83418618320553,26.806809726464625,0.0255798751791957,225.10773770237216,,,139.45414374117084,30.0,0.0255798751791957
2025-03-24 18:37:30+00:00,137.87936577348924,26.915133971525144,0.0385971569003525,219.1434491987294,,,139.48696236645574,30.0,0.0385971569003525
2025-03-24 18:52:30+00:00,137.9229998991089,27.023321510987127,0.0515097115650498,215.05998369375317,,,139.50367125234,30.0,0.0515097115650498
2025-03-24 19:07:30+00:00,137.96510899471198,27.13137223002188,0.0643187849950857,219.82941738175816,,,139.45535391965223,30.0,0.0643187849950857
2025-03-24 19:22:30+00:00,138.0057131337569,27.239286029439807,0.0770256051841616,219.45878790231785,,,139.44231920958507,30.0,0.0770256051841616
2025-03-24 19:37:30+00:00,138.04483203643005,27.34706282529674,0.0896313825638408,218.2041404935593,,,139.43329161294463,30.0,0.0896313825638408
2025-03-24 19:52:30+00:00,138.08248510280222,27.45470254417289,0.1021373119731795,218.96960049695227,,,139.40995285429756,30.0,0.1021373119731795
2025-03-24 20:07:30+00:00,138.1186913457607,27.562205134866204,0.114544567887679,217.40514346219055,,,139.39924153721648,30.0,0.114544567887679
2025-03-24 20:22:30+00:00,138.1534694598582,27.669570557776385,0.1268543088199881,240.90538494389875,,,139.25820598406318,30.0,0.1268543088199881
2025-03-24 20:37:30+00:00,138.18683782140175,27.776798785627715,0.1390676770998668,245.05525081485013,,,139.22289570676358,30.0,0.1390676770998668
2025-03-24 20:52:30+00:00,138.21881448936605,27.883889803837032,0.1511857987198846,359.60492813907723,,,138.890834038688,30.0,0.1511857987198846
2025-03-24 21:07:30+00:00,138.24941721256798,27.99084361020398,0.163209783593669,319.68280467445743,,,138.96715155698448,30.0,0.163209783593669
2025-03-24 21:22:30+00:00,138.27866343601983,28.09766021449442,0.1751407257937227,407.9751967564989,,,138.8111683163282,30.0,0.1751407257937227
2025-03-24 21:37:30+00:00,138.30657031929815,28.20433963560383,0.1869797045989654,332.10614181530616,,,138.92404129924827,30.0,0.1869797045989654
2025-03-24 21:52:30+00:00,138.33315472232684,28.31088190526168,0.1987277833352956,330.0776018639123,,,138.91755877783103,30.0,0.1987277833352956
2025-03-24 22:07:30+00:00,138.35843319472093,28.417287070689433,0.2103860084918349,463.3189608580247,,,138.74854701732124,30.0,0.2103860084918349
2025-03-24 22:22:30+00:00,138.38242202388923,28.523555186122287,0.2219554127960241,447.28231262630703,,,138.75939025873822,30.0,0.2219554127960241
2025-03-24 22:37:30+00:00,138.40513722404214,28.6296863158407,0.2334370142916679,468.4825586503822,,,138.73917518944575,30.0,0.2334370142916679
2025-03-24 22:52:30+00:00,138.4265945415658,28.735680533817064,0.2448318165663482,342.7630525762115,,,138.8478369477027,30.0,0.2448318165663482
2025-03-24 23:07:30+00:00,138.44680946061274,28.84153792325502,0.2561408089589215,317.7971036999651,,,138.86310441634973,30.0,0.2561408089589215
2025-03-24 23:22:30+00:00,138.46579720847166,28.947258576398777,0.2673649667899547,315.4233433675548,,,138.84694827848764,30.0,0.2673649667899547
2025-03-24 23:37:30+00:00,138.4835727814015,29.0528425899027,0.2785052529539981,303.4553713553597,,,138.8400211195022,30.0,0.2785052529539981
2025-03-24 23:52:30+00:00,138.50015089274808,29.15829007641201,0.2895626143020762,325.1099432906985,,,138.79581694130184,30.0,0.2895626143020762
2025-03-25 00:07:30+00:00,138.51554601954228,29.263601155591772,0.3005379846439776,304.2268891732654,,,138.7919757585706,30.0,0.3005379846439776
2025-03-25 00:22:30+00:00,138.52977240922056,29.36877595344497,0.3114322850914784,349.1188296967059,,,138.7362531378141,30.0,0.3114322850914784
2025-03-25 00:37:30+00:00,138.54284407745777,29.473814603400605,0.3222464237768598,269.9693287261715,,,138.76542791522164,30.0,0.3222464237768598
2025-03-25 00:52:30+00:00,138.55477481274224,29.578717246167635,0.3329812960696544,255.7336156889238,,,138.7429035427709,30.0,0.3329812960696544
2025-03-25 01:07:30+00:00,138.56557818112515,29.68348402947716,0.343637784774995,245.90785439211436,,,138.71256977184197,30.0,0.343637784774995
2025-03-25 01:22:30+00:00,138.57526753043965,29.78811510771355,0.3542167603157474,252.08940971658345,,,138.67125502427277,30.0,0.3542167603157474
2025-03-25 01:37:30+00:00,138.58385601459165,29.892610637118334,0.3647190822769221,288.6322164848391,,,138.6263459160059,30.0,0.3647190822769221
2025-03-25 01:52:30+00:00,138.5913565412173,29.996970788946264,0.3751455957751743,248.5855154180443,,,138.59274816863126,30.0,0.3751455957751743
2025-03-25 02:07:30+00:00,138.59778182088704,30.101195738323938,0.3854971346981969,254.90934503241837,,,138.5524455569148,30.0,0.3854971346981969
2025-03-25 02:22:30+00:00,138.60314436821696,30.205285664999447,0.3957745216688826,263.67681544467763,,,138.51423327687024,30.0,0.3957745216688826
2025-03-25 02:37:30+00:00,138.6074565003496,30.309240754344987,0.4059785678798924,263.9593120316807,,,138.47366485388042,30.0,0.4059785678798924
2025-03-25 02:52:30+00:00,138.61073034079018,30.413061197021182,0.4161100732630272,245.2375229792845,,,138.41837832566367,30.0,0.4161100732630272
2025-03-25 03:07:30+00:00,138.6129778234911,30.51674718890194,0.426169826677887,257.0679815195869,,,138.3834161419449,30.0,0.426169826677887
2025-03-25 03:22:30+00:00,138.614210696211,30.62029893088522,0.4361586060845526,252.9897429568087,,,138.33420466825413,30.0,0.4361586060845526
2025-03-25 03:37:30+00:00,138.61444053832832,30.723716624941048,0.446077179644024,250.30477151842217,,,138.28424691443936,30.0,0.446077179644024
