PSP_Time_UTC,PSP_Vr_kms,PSP_Lon_deg,PSP_Radius_Rs,PSP_Lat_deg,Earth_Arrival_UTC,Earth_Vr_kms,Earth_Lon_deg,Earth_Radius_Rs,Earth_Lat_deg
2024-12-22 07:07:30+00:00,289.2060243775468,142.53692558699024,30.66578107547799,0.0,2024-12-27 10:19:12.818040702+00:00,428.1643439594119,142.53692558699024,215.03215567054764,0.0
2024-12-22 07:22:30+00:00,265.48713965011467,142.53798466699396,30.562289471736644,0.0,2024-12-27 21:39:06.996493489+00:00,427.2229842776781,142.53798466699396,215.03215567054764,0.0
2024-12-22 07:37:30+00:00,265.4123808498034,142.54005411652997,30.458663715919915,0.0,2024-12-27 22:00:54.779346372+00:00,426.6067474314697,142.54005411652997,215.03215567054764,0.0
2024-12-22 07:52:30+00:00,250.06689411722468,142.5431455806182,30.354903602268266,0.0,2024-12-28 06:35:32.380980323+00:00,425.68671900349085,142.5431455806182,215.03215567054764,0.0
2024-12-22 08:07:30+00:00,263.6663418975024,142.5472708804967,30.251008928076516,0.0,2024-12-27 23:33:26.518832087+00:00,424.77820490515745,142.5472708804967,215.03215567054764,0.0
2024-12-22 08:22:30+00:00,265.38756594659145,142.552442071526,30.14697950739776,0.0,2024-12-27 23:00:17.081511229+00:00,424.1899635790612,142.552442071526,215.03215567054764,0.0
2024-12-22 08:37:30+00:00,267.6955131938243,142.5586713737251,30.04281515286476,0.0,2024-12-27 22:10:09.212818667+00:00,423.3025977489047,142.5586713737251,215.03215567054764,0.0
2024-12-22 08:52:30+00:00,284.3832436513473,142.56597120212226,29.93851568267776,0.0,2024-12-27 14:39:13.209099873+00:00,422.73254870626215,142.56597120212226,215.03215567054764,0.0
2024-12-22 09:07:30+00:00,277.58963947998683,142.57435417053907,29.834080920684148,0.0,2024-12-27 18:03:16.647709340+00:00,421.8662198931583,142.57435417053907,215.03215567054764,0.0
2024-12-22 09:22:30+00:00,267.7969551500664,142.58383309582354,29.72951069659109,0.0,2024-12-27 23:05:41.022672909+00:00,421.3143071863569,142.58383309582354,215.03215567054764,0.0
2024-12-22 09:37:30+00:00,266.56313494066336,142.59442100160092,29.624804846319407,0.0,2024-12-28 00:02:22.470716658+00:00,420.46890516149216,142.59442100160092,215.03215567054764,0.0
2024-12-22 09:52:30+00:00,268.54204643256435,142.60613112266353,29.51996321211669,0.0,2024-12-27 23:22:28.230362186+00:00,419.63476767575315,142.60613112266353,215.03215567054764,0.0
2024-12-22 10:07:30+00:00,264.34509295103413,142.61897689041564,29.414985638514377,0.0,2024-12-28 01:49:14.869712886+00:00,419.11048931545355,142.61897689041564,215.03215567054764,0.0
2024-12-22 10:22:30+00:00,277.3713709124868,142.63297197759698,29.30987198183578,0.0,2024-12-27 19:46:16.708564680+00:00,418.29710051234105,142.63297197759698,215.03215567054764,0.0
2024-12-22 10:37:30+00:00,281.0760286064839,142.6481303017029,29.20462211013449,0.0,2024-12-27 18:23:17.494416097+00:00,417.79080974621957,142.6481303017029,215.03215567054764,0.0
2024-12-22 10:52:30+00:00,261.16606209294474,142.66446599022137,29.099235894549786,0.0,2024-12-28 04:27:22.272095166+00:00,416.9980612726487,142.66446599022137,215.03215567054764,0.0
2024-12-22 11:07:30+00:00,253.5022379491844,142.68199340404664,28.993713213961005,0.0,2024-12-28 08:56:45.431242353+00:00,416.2163991103521,142.68199340404664,215.03215567054764,0.0
2024-12-22 11:22:30+00:00,251.6307565032973,142.7007271424588,28.88805395513691,0.0,2024-12-28 10:19:54.765063584+00:00,415.73748906017573,142.70072714245882,215.03215567054764,0.0
2024-12-22 11:37:30+00:00,224.31930201128864,142.7206820480489,28.78225801302369,0.0,2024-12-29 04:04:42.208367957+00:00,414.9762901570449,142.7206820480489,215.03215567054764,0.0
2024-12-22 11:52:30+00:00,232.6752710128718,142.74187321158402,28.67632529117693,0.0,2024-12-28 22:39:14.685442296+00:00,414.51522302394676,142.74187321158402,215.03215567054764,0.0
2024-12-22 12:07:30+00:00,225.2306638333411,142.76431597282286,28.570255701021452,0.0,2024-12-29 04:06:39.746810614+00:00,413.77437812840293,142.76431597282286,215.03215567054764,0.0
2024-12-22 12:22:30+00:00,236.09892456419612,142.78802590539243,28.46404915804933,0.0,2024-12-28 21:05:00.202972455+00:00,413.04443956052523,142.78802590539243,215.03215567054764,0.0
2024-12-22 12:37:30+00:00,260.98361081699073,142.81301891696293,28.357705601375073,0.0,2024-12-28 06:51:05.212336807+00:00,412.6105001820223,142.81301891696293,215.03215567054764,0.0
2024-12-22 12:52:30+00:00,258.3647163877781,142.83931114968385,28.251224972837104,0.0,2024-12-28 08:34:55.972279612+00:00,411.9007350747668,142.83931114968385,215.03215567054764,0.0
2024-12-22 13:07:30+00:00,250.4719279213735,142.8669190210848,28.144607224431297,0.0,2024-12-28 13:19:00.776091992+00:00,411.48449241407064,142.8669190210848,215.03215567054764,0.0
2024-12-22 13:22:30+00:00,247.0046977520674,142.8958592299124,28.03785231879052,0.0,2024-12-28 15:40:27.986393595+00:00,410.7947877714601,142.89585922991242,215.03215567054764,0.0
2024-12-22 13:37:30+00:00,245.08941621249423,142.92614876220833,27.930960229431715,0.0,2024-12-28 17:09:07.195790492+00:00,410.39618748545934,142.92614876220833,215.03215567054764,0.0
2024-12-22 13:52:30+00:00,246.6902201343324,142.95780489740773,27.823930941147772,0.0,2024-12-28 16:31:42.676329537+00:00,409.7264277892361,142.95780489740773,215.03215567054764,0.0
2024-12-22 14:07:30+00:00,225.0326419518913,142.99084521117751,27.71676444995889,0.0,2024-12-29 06:59:05.177223325+00:00,409.0673143158219,142.99084521117751,215.03215567054764,0.0
2024-12-22 14:22:30+00:00,217.6728656287611,143.02528755404904,27.609460758416304,0.0,2024-12-29 12:46:08.019419786+00:00,408.6954802983106,143.02528755404904,215.03215567054764,0.0
2024-12-22 14:37:30+00:00,234.08081265385812,143.06115016886864,27.502019895601297,0.0,2024-12-29 01:26:39.036768563+00:00,408.0561164144349,143.06115016886864,215.03215567054764,0.0
2024-12-22 14:52:30+00:00,227.64807016669576,143.09845157856114,27.394441896865327,0.0,2024-12-29 06:09:37.033125135+00:00,407.7017650337677,143.09845157856114,215.03215567054764,0.0
2024-12-22 15:07:30+00:00,229.34722592128256,143.13721063263492,27.28672681100746,0.0,2024-12-29 05:19:15.448923163+00:00,407.08202602012585,143.13721063263492,215.03215567054764,0.0
2024-12-22 15:22:30+00:00,243.32026245292545,143.17744651398542,27.17887470073573,0.0,2024-12-28 20:34:19.101614512+00:00,406.47272890075186,143.17744651398542,215.03215567054764,0.0
2024-12-22 15:37:30+00:00,221.439378130217,143.21917874615116,27.070885643281528,0.0,2024-12-29 11:39:31.237289030+00:00,406.14485110743306,143.21917874615116,215.03215567054764,0.0
2024-12-22 15:52:30+00:00,226.6911826931214,143.26242720094515,26.962759730781933,0.0,2024-12-29 08:12:02.332866677+00:00,405.5549652975937,143.26242720094515,215.03215567054764,0.0
2024-12-22 16:07:30+00:00,216.92329180772737,143.30721209011742,26.85449706835168,0.0,2024-12-29 15:45:59.175979065+00:00,405.24439085279755,143.30721209011742,215.03215567054764,0.0
2024-12-22 16:22:30+00:00,224.41820705191384,143.35355399470538,26.74609777801578,0.0,2024-12-29 10:30:39.764732559+00:00,404.6737774732272,143.35355399470538,215.03215567054764,0.0
2024-12-22 16:37:30+00:00,218.66087748355295,143.40147391401285,26.637562005443048,0.0,2024-12-29 15:07:33.607637455+00:00,404.1133810385446,143.40147391401285,215.03215567054764,0.0
2024-12-22 16:52:30+00:00,227.66343906510855,143.4509931980811,26.52888990897905,0.0,2024-12-29 08:53:03.299544503+00:00,403.8289490205981,143.4509931980811,215.03215567054764,0.0
2024-12-22 17:07:30+00:00,251.45169485374177,143.50213358515532,26.420081664822536,0.0,2024-12-28 18:04:49.472834360+00:00,403.287587168253,143.50213358515532,215.03215567054764,0.0
2024-12-22 17:22:30+00:00,223.69020831821152,143.55491721077203,26.311137467503578,0.0,2024-12-29 12:24:52.152501758+00:00,403.0202525469276,143.55491721077203,215.03215567054764,0.0
2024-12-22 17:37:30+00:00,223.84778781756884,143.60936661654122,26.20205753052151,0.0,2024-12-29 12:38:37.980947300+00:00,402.4977695734577,143.60936661654122,215.03215567054764,0.0
2024-12-22 17:52:30+00:00,235.7223279108592,143.66550475922236,26.09284208714286,0.0,2024-12-29 04:46:16.770552181+00:00,402.2474488299465,143.66550475922236,215.03215567054764,0.0
2024-12-22 18:07:30+00:00,209.91795664629117,143.72335497722167,25.98349138533464,0.0,2024-12-30 00:09:45.994559217+00:00,401.74368159938996,143.72335497722167,215.03215567054764,0.0
2024-12-22 18:22:30+00:00,208.69802459351837,143.78294113291025,25.87400570568476,0.0,2024-12-30 01:31:53.347146517+00:00,401.2497767834468,143.78294113291025,215.03215567054764,0.0
2024-12-22 18:37:30+00:00,203.0613271114508,143.844287497245,25.764385346191123,0.0,2024-12-30 06:44:52.466557827+00:00,401.025064728915,143.844287497245,215.03215567054764,0.0
2024-12-22 18:52:30+00:00,209.31285475792987,143.9074187916725,25.654630626889944,0.0,2024-12-30 01:43:10.290828011+00:00,400.54959745725154,143.9074187916725,215.03215567054764,0.0
2024-12-22 19:07:30+00:00,212.48643978615465,143.9723602021252,25.54474189112911,0.0,2024-12-29 23:27:29.089461948+00:00,400.34164872163603,143.9723602021252,215.03215567054764,0.0
2024-12-22 19:22:30+00:00,305.4664751329735,144.0391373896295,25.43471950650513,0.0,2024-12-27 19:19:18.224722223+00:00,399.88443743939894,144.0391373896295,215.03215567054764,0.0
2024-12-22 19:37:30+00:00,219.71419031719532,144.1077765014711,25.324563865575325,0.0,2024-12-29 18:28:57.517853007+00:00,399.43679951424417,144.1077765014711,215.03215567054764,0.0
2024-12-22 19:52:30+00:00,197.53465077454672,144.1783041485714,25.214275383011092,0.0,2024-12-30 13:34:32.200020288+00:00,399.2540075615466,144.1783041485714,215.03215567054764,0.0
2024-12-22 20:07:30+00:00,190.73033525395763,144.2507475136239,25.10385450713979,0.0,2024-12-30 20:33:44.533969373+00:00,398.82431874965414,144.2507475136239,215.03215567054764,0.0
2024-12-22 20:22:30+00:00,211.07225954017852,144.32513429069135,24.993301713019523,0.0,2024-12-30 02:22:03.313983904+00:00,398.65800852304426,144.32513429069135,215.03215567054764,0.0
2024-12-22 20:37:30+00:00,194.26330706215785,144.40149269493892,24.882617503079285,0.0,2024-12-30 17:46:57.680946460+00:00,398.246071527233,144.40149269493892,215.03215567054764,0.0
2024-12-22 20:52:30+00:00,195.55460651473385,144.4798514867241,24.771802409511867,0.0,2024-12-30 16:53:35.301834400+00:00,397.8433949892908,144.47985148672413,215.03215567054764,0.0
2024-12-22 21:07:30+00:00,207.55604347063525,144.56023998453267,24.66085699516843,0.0,2024-12-30 06:22:29.041944779+00:00,397.70174546854133,144.56023998453267,215.03215567054764,0.0
2024-12-22 21:22:30+00:00,199.854659726996,144.6426880782662,24.549781854634375,0.0,2024-12-30 13:33:44.794677056+00:00,397.31649347353243,144.6426880782662,215.03215567054764,0.0
2024-12-22 21:37:30+00:00,194.88947095734272,144.72722621398788,24.438577612879588,0.0,2024-12-30 18:36:54.883763999+00:00,397.19102259686935,144.72722621398788,215.03215567054764,0.0
2024-12-22 21:52:30+00:00,186.2513638215924,144.81388549691735,24.327244934261635,0.0,2024-12-31 03:44:45.220945390+00:00,396.822988609245,144.81388549691735,215.03215567054764,0.0
2024-12-22 22:07:30+00:00,192.36340723514547,144.90269762628904,24.215784516705067,0.0,2024-12-30 21:49:15.001360540+00:00,396.74921316549774,144.90269762628904,215.03215567054764,0.0
2024-12-22 22:22:30+00:00,207.0088803467965,144.9936949225127,24.104197094156213,0.0,2024-12-30 08:36:46.437922235+00:00,396.4532295576473,144.9936949225127,215.03215567054764,0.0
2024-12-22 22:37:30+00:00,194.55632805731068,145.08691034839575,23.992483438238416,0.0,2024-12-30 20:22:55.043009997+00:00,396.16743086731395,145.08691034839575,215.03215567054764,0.0
2024-12-22 22:52:30+00:00,184.7303645610902,145.18237752447843,23.880644359572074,0.0,2024-12-31 06:50:32.227997596+00:00,396.13976030360504,145.18237752447845,215.03215567054764,0.0
2024-12-22 23:07:30+00:00,186.01957619545715,145.28013072619913,23.76868070793015,0.0,2024-12-31 05:49:21.808858656+00:00,395.8734236930955,145.28013072619913,215.03215567054764,0.0
2024-12-22 23:22:30+00:00,173.70126681724443,145.38020496237095,23.65659337797414,0.0,2024-12-31 20:17:18.242293727+00:00,395.8643193900492,145.38020496237095,215.03215567054764,0.0
2024-12-22 23:37:30+00:00,173.1525876460768,145.4826359313205,23.544383306465477,0.0,2024-12-31 21:20:17.902869515+00:00,395.61727688374805,145.4826359313205,215.03215567054764,0.0
2024-12-22 23:52:30+00:00,180.29270574173557,145.5874600521259,23.432051474910462,0.0,2024-12-31 13:14:42.142920124+00:00,395.38012900381966,145.5874600521259,215.03215567054764,0.0
2024-12-23 00:07:30+00:00,190.61649894578613,145.69471448449215,23.319598911127876,0.0,2024-12-31 02:29:10.322244728+00:00,395.3987477532002,145.69471448449215,215.03215567054764,0.0
2024-12-23 00:22:30+00:00,177.29161004775403,145.8044371347184,23.207026690221415,0.0,2024-12-31 17:28:00.161318221+00:00,395.18059319415704,145.8044371347184,215.03215567054764,0.0
2024-12-23 00:37:30+00:00,176.89299517460609,145.91666671836316,23.094335938801215,0.0,2024-12-31 18:18:39.581215306+00:00,395.2175772887328,145.91666671836316,215.03215567054764,0.0
2024-12-23 00:52:30+00:00,177.1535235891841,146.03144273274526,22.981527834143613,0.0,2024-12-31 18:22:32.451516712+00:00,395.01822182232246,146.03144273274526,215.03215567054764,0.0
2024-12-23 01:07:30+00:00,173.30389358608434,146.14880549051276,22.86860360672552,0.0,2024-12-31 23:24:18.999558309+00:00,395.07349226467056,146.14880549051276,215.03215567054764,0.0
2024-12-23 01:22:30+00:00,171.6589137235198,146.26879613065708,22.755564541919288,0.0,2025-01-01 01:50:09.413604566+00:00,394.8927331421791,146.26879613065708,215.03215567054764,0.0
2024-12-23 01:37:30+00:00,174.02545097860897,146.39145666502216,22.642411982684255,0.0,2024-12-31 23:16:04.769885577+00:00,394.72140224609285,146.39145666502216,215.03215567054764,0.0
2024-12-23 01:52:30+00:00,182.1968653257047,146.51682998325916,22.529147331098244,0.0,2024-12-31 14:03:22.947603378+00:00,394.8038344923578,146.51682998325916,215.03215567054764,0.0
2024-12-23 02:07:30+00:00,179.07579564350127,146.64495986872004,22.415772050363575,0.0,2024-12-31 17:59:14.468524220+00:00,394.6507516819338,146.64495986872004,215.03215567054764,0.0
2024-12-23 02:22:30+00:00,176.25274511146335,146.77589101871266,22.302287666852088,0.0,2024-12-31 21:41:28.047429426+00:00,394.7512258264077,146.77589101871266,215.03215567054764,0.0
2024-12-23 02:37:30+00:00,200.7558529307376,146.90966907745891,22.188695772488852,0.0,2024-12-30 20:15:30.366886071+00:00,394.6161745513248,146.90966907745891,215.03215567054764,0.0
2024-12-23 02:52:30+00:00,193.7155718370023,147.04634067221338,22.074998027532885,0.0,2024-12-31 03:22:06.270824520+00:00,394.4901847887201,147.04634067221338,215.03215567054764,0.0
2024-12-23 03:07:30+00:00,186.18189849489744,147.1859534105278,21.961196162370367,0.0,2024-12-31 11:31:32.135973923+00:00,394.6173667339569,147.1859534105278,215.03215567054764,0.0
2024-12-23 03:22:30+00:00,191.08740330830267,147.32855591376654,21.847291980151997,0.0,2024-12-31 06:44:46.312821038+00:00,394.50905054247147,147.32855591376654,215.03215567054764,0.0
2024-12-23 03:37:30+00:00,192.51226001669448,147.4741978265502,21.73328735946726,0.0,2024-12-31 05:39:52.641763994+00:00,394.6540290136429,147.4741978265502,215.03215567054764,0.0
2024-12-23 03:52:30+00:00,204.84928949824513,147.62292988776227,21.61918425694244,0.0,2024-12-30 18:20:10.487737244+00:00,394.56317432383247,147.62292988776227,215.03215567054764,0.0
2024-12-23 04:07:30+00:00,197.76043075745477,147.77480392599293,21.504984710107085,0.0,2024-12-31 01:14:17.845742939+00:00,394.55275502522386,147.77480392599293,215.03215567054764,0.0
2024-12-23 04:22:30+00:00,196.4870114263071,147.92987288119517,21.390690840361646,0.0,2024-12-31 02:49:34.795778860+00:00,394.8178618849836,147.92987288119517,215.03215567054764,0.0
2024-12-23 04:37:30+00:00,202.0732228132158,148.0881908376537,21.27630485583404,0.0,2024-12-30 21:55:14.856665316+00:00,394.8486603201952,148.0881908376537,215.03215567054764,0.0
2024-12-23 04:52:30+00:00,216.14623594447295,148.24981303027374,21.161829054749756,0.0,2024-12-30 10:12:31.549863952+00:00,395.1353198239892,148.24981303027374,215.03215567054764,0.0
2024-12-23 05:07:30+00:00,222.03084435880652,148.41479595274316,21.04726582769266,0.0,2024-12-30 05:57:52.252144317+00:00,395.1870261294814,148.41479595274316,215.03215567054764,0.0
2024-12-23 05:22:30+00:00,228.76527545909852,148.5831973065419,20.932617662093666,0.0,2024-12-30 01:20:27.734771966+00:00,395.4952382153971,148.5831973065419,215.03215567054764,0.0
2024-12-23 05:37:30+00:00,227.6532810562556,148.75507605511828,20.817887145280284,0.0,2024-12-30 02:29:21.615497605+00:00,395.56768852474795,148.75507605511828,215.03215567054764,0.0
2024-12-23 05:52:30+00:00,224.7599209691994,148.93049244449773,20.70307696850003,0.0,2024-12-30 04:57:37.330444120+00:00,395.6503544869977,148.93049244449773,215.03215567054764,0.0
2024-12-23 06:07:30+00:00,232.4069527644113,149.10950805234953,20.588189929913742,0.0,2024-12-29 23:48:29.466623985+00:00,395.990468486725,149.10950805234953,215.03215567054764,0.0
2024-12-23 06:22:30+00:00,223.52429145852685,149.2921858461754,20.47322893785866,0.0,2024-12-30 06:34:57.810686364+00:00,396.0935712253285,149.2921858461754,215.03215567054764,0.0
2024-12-23 06:37:30+00:00,225.86093100904608,149.47859016576717,20.358197016555845,0.0,2024-12-30 05:11:27.451375589+00:00,396.45517633423634,149.47859016576717,215.03215567054764,0.0
2024-12-23 06:52:30+00:00,226.55454564191348,149.66878677532387,20.243097309536548,0.0,2024-12-30 05:01:45.060265031+00:00,396.578530350237,149.66878677532387,215.03215567054764,0.0
2024-12-23 07:07:30+00:00,226.5383679667117,149.86284287615368,20.127933084964344,0.0,2024-12-30 05:23:21.445699102+00:00,396.7117374128533,149.86284287615368,215.03215567054764,0.0
2024-12-23 07:22:30+00:00,223.93135846565983,150.06082721550425,20.01270773675903,0.0,2024-12-30 07:40:27.760297438+00:00,397.1050322235753,150.06082721550425,215.03215567054764,0.0
2024-12-23 07:37:30+00:00,230.4480069522263,150.26281005861725,19.897424792384808,0.0,2024-12-30 03:15:42.672431231+00:00,397.25816195422135,150.26281005861725,215.03215567054764,0.0
2024-12-23 07:52:30+00:00,227.56942321709897,150.46886323440836,19.782087917159753,0.0,2024-12-30 05:40:46.851148787+00:00,397.67294920711197,150.46886323440836,215.03215567054764,0.0
2024-12-23 08:07:30+00:00,216.36830615127775,150.67906016298704,19.66670092006993,0.0,2024-12-30 14:36:58.465555576+00:00,397.9728384955085,150.67906016298704,215.03215567054764,0.0
2024-12-23 08:22:30+00:00,229.15373497215717,150.89347593476188,19.5512677561747,0.0,2024-12-30 05:13:40.814423135+00:00,398.28487238666753,150.89347593476188,215.03215567054764,0.0
2024-12-23 08:37:30+00:00,212.8547579298831,151.11218733448018,19.43579253321188,0.0,2024-12-30 18:12:22.215772173+00:00,398.86341495807443,151.11218733448018,215.03215567054764,0.0
2024-12-23 08:52:30+00:00,231.67632328390457,151.3352728592466,19.32027951864204,0.0,2024-12-30 04:07:32.490737602+00:00,399.20027229232613,151.3352728592466,215.03215567054764,0.0
2024-12-23 09:07:30+00:00,202.4692316651784,151.56281275964034,19.20473314541624,0.0,2024-12-31 04:02:08.228115312+00:00,399.80565505648286,151.56281275964034,215.03215567054764,0.0
2024-12-23 09:22:30+00:00,231.23223390335244,151.79488911071252,19.089158015563346,0.0,2024-12-30 05:07:56.560235321+00:00,400.16727941364303,151.79488911071252,215.03215567054764,0.0
2024-12-23 09:37:30+00:00,215.5219940210428,152.03158584698323,18.973558907291377,0.0,2024-12-30 17:25:22.604894700+00:00,400.7996518080794,152.03158584698323,215.03215567054764,0.0
2024-12-23 09:52:30+00:00,197.0370565115087,152.27298878335765,18.857940783062116,0.0,2024-12-31 10:16:43.471958723+00:00,401.1859724259864,152.27298878335765,215.03215567054764,0.0
2024-12-23 10:07:30+00:00,200.6328376751951,152.51918565779724,18.74230879643607,0.0,2024-12-31 07:11:30.557411618+00:00,401.58411330394074,152.51918565779724,215.03215567054764,0.0
2024-12-23 10:22:30+00:00,192.42617904841404,152.77026621285546,18.626668295530948,0.0,2024-12-31 15:37:16.840795300+00:00,402.2564115585586,152.77026621285546,215.03215567054764,0.0
2024-12-23 10:37:30+00:00,189.43976394766472,153.0263222071237,18.51102483343526,0.0,2024-12-31 19:05:55.664504258+00:00,402.67905893124635,153.0263222071237,215.03215567054764,0.0
2024-12-23 10:52:30+00:00,188.25149568346723,153.28744746054076,18.39538417560066,0.0,2024-12-31 20:43:58.526071821+00:00,403.3823714945795,153.28744746054076,215.03215567054764,0.0
2024-12-23 11:07:30+00:00,189.89039703854252,153.55373791137504,18.27975230640197,0.0,2024-12-31 19:21:30.280262583+00:00,403.98974466014937,153.55373791137507,215.03215567054764,0.0
2024-12-23 11:22:30+00:00,180.7500690126589,153.8252916627914,18.164135437091232,0.0,2025-01-01 05:51:27.368646999+00:00,404.61196194810253,153.8252916627914,215.03215567054764,0.0
2024-12-23 11:37:30+00:00,176.62383041503284,154.10220901528976,18.048540015603265,0.0,2025-01-01 11:09:04.742454192+00:00,405.51871965328917,154.10220901528976,215.03215567054764,0.0
2024-12-23 11:52:30+00:00,177.6228863930156,154.38459252682907,17.932972733571496,0.0,2025-01-01 10:18:53.297613196+00:00,406.17196503975225,154.38459252682907,215.03215567054764,0.0
2024-12-23 12:07:30+00:00,171.9338432270839,154.6725470487554,17.81744053656008,0.0,2025-01-01 17:47:24.593405926+00:00,407.1132178013219,154.6725470487554,215.03215567054764,0.0
2024-12-23 12:22:30+00:00,175.5338014719734,154.9661797796002,17.701950632248124,0.0,2025-01-01 13:37:16.541133015+00:00,407.79765227986945,154.9661797796002,215.03215567054764,0.0
2024-12-23 12:37:30+00:00,172.17455449004154,155.26560030399438,17.586510501185213,0.0,2025-01-01 18:14:22.056207588+00:00,408.4969418359626,155.26560030399438,215.03215567054764,0.0
2024-12-23 12:52:30+00:00,168.5182177819063,155.57092064377807,17.471127905785544,0.0,2025-01-01 23:25:48.508131754+00:00,409.4895755102589,155.57092064377807,215.03215567054764,0.0
2024-12-23 13:07:30+00:00,166.8288292988314,155.88225530262403,17.355810900856284,0.0,2025-01-02 02:06:28.536896018+00:00,410.22018733752907,155.88225530262403,215.03215567054764,0.0
2024-12-23 13:22:30+00:00,169.41908388981636,156.1997213027532,17.240567845600285,0.0,2025-01-01 22:59:18.427117384+00:00,411.31190863595265,156.1997213027532,215.03215567054764,0.0
2024-12-23 13:37:30+00:00,173.16069418022283,156.5234382465935,17.125407411569228,0.0,2025-01-01 18:29:31.118078172+00:00,412.26836949594457,156.5234382465935,215.03215567054764,0.0
2024-12-23 13:52:30+00:00,176.76152861773514,156.85352833980562,17.010338597771394,0.0,2025-01-01 14:22:06.480927921+00:00,413.53051910290435,156.85352833980562,215.03215567054764,0.0
2024-12-23 14:07:30+00:00,158.89272819039485,157.1901164443808,16.895370740330254,0.0,2025-01-02 15:06:17.185452940+00:00,414.5262659323118,157.1901164443808,215.03215567054764,0.0
2024-12-23 14:22:30+00:00,173.45727728031568,157.53333012474414,16.780513523800902,0.0,2025-01-01 19:14:54.888724387+00:00,415.5408023853554,157.53333012474414,215.03215567054764,0.0
2024-12-23 14:37:30+00:00,167.09963760739444,157.88329966612952,16.665776997860988,0.0,2025-01-02 04:02:05.457413208+00:00,416.8681173128299,157.88329966612952,215.03215567054764,0.0
2024-12-23 14:52:30+00:00,169.31343906510853,158.2401581367255,16.55117158508611,0.0,2025-01-02 01:24:57.905651816+00:00,417.9226091485268,158.2401581367255,215.03215567054764,0.0
2024-12-23 15:07:30+00:00,157.67752455643125,158.6040414110995,16.436708097080047,0.0,2025-01-02 18:31:26.821103912+00:00,419.2951890144977,158.6040414110995,215.03215567054764,0.0
2024-12-23 15:22:30+00:00,141.3679089013466,158.97508818726956,16.322397751797325,0.0,2025-01-03 23:00:40.807457206+00:00,420.431689298019,158.97508818726956,215.03215567054764,0.0
2024-12-23 15:37:30+00:00,144.3685211787087,159.35344005343114,16.20825217909237,0.0,2025-01-03 17:46:05.997377169+00:00,421.7740641704153,159.35344005343114,215.03215567054764,0.0
2024-12-23 15:52:30+00:00,148.3873901379082,159.7392414822602,16.09428344344611,0.0,2025-01-03 10:57:31.071026099+00:00,423.44696784101257,159.7392414822602,215.03215567054764,0.0
2024-12-23 16:07:30+00:00,147.64530030671273,160.13263985309186,15.98050405916524,0.0,2025-01-03 12:39:35.106578843+00:00,424.8387233360041,160.13263985309186,215.03215567054764,0.0
2024-12-23 16:22:30+00:00,184.07722338787732,160.53378550484186,15.866926997147935,0.0,2025-01-01 09:27:53.487664304+00:00,426.56744929303704,160.53378550484186,215.03215567054764,0.0
2024-12-23 16:37:30+00:00,162.66020540070025,160.94283170835746,15.75356571230076,0.0,2025-01-02 13:22:47.348871093+00:00,428.0094731028806,160.94283170835746,215.03215567054764,0.0
2024-12-23 16:52:30+00:00,150.50665838412857,161.35993469299513,15.640434154858928,0.0,2025-01-03 08:53:35.673450981+00:00,429.7952272102197,161.35993469299513,215.03215567054764,0.0
2024-12-23 17:07:30+00:00,172.47812502029973,161.78525366479602,15.527546783113314,0.0,2025-01-02 00:39:22.808575885+00:00,431.3291975768519,161.78525366479602,215.03215567054764,0.0
2024-12-23 17:22:30+00:00,151.95869084132468,162.21895076769235,15.414918591722252,0.0,2025-01-03 07:14:01.209952255+00:00,433.1122970920208,162.21895076769235,215.03215567054764,0.0
2024-12-23 17:37:30+00:00,165.05719649480653,162.66119110429116,15.30256511910402,0.0,2025-01-02 11:28:10.762459645+00:00,435.2542236340856,162.66119110429116,215.03215567054764,0.0
2024-12-23 17:52:30+00:00,154.47062934347946,163.11214270986406,15.190502468738842,0.0,2025-01-03 03:53:10.601397130+00:00,437.0986651177725,163.11214270986406,215.03215567054764,0.0
2024-12-23 18:07:30+00:00,165.92634936307593,163.57197650072206,15.078747336493445,0.0,2025-01-02 11:00:19.473636823+00:00,439.31003256510104,163.57197650072206,215.03215567054764,0.0
2024-12-23 18:22:30+00:00,152.73129634662422,164.0408662819562,14.967317012892009,0.0,2025-01-03 07:30:57.057449771+00:00,441.21707675560157,164.0408662819562,215.03215567054764,0.0
2024-12-23 18:37:30+00:00,149.6385025626368,164.51898866465743,14.856229417015564,0.0,2025-01-03 13:08:28.817815213+00:00,443.15404417662785,164.51898866465743,215.03215567054764,0.0
2024-12-23 18:52:30+00:00,146.5077454672516,165.0065230090081,14.74550311542001,0.0,2025-01-03 19:03:42.066109627+00:00,445.76832265956847,165.0065230090081,215.03215567054764,0.0
2024-12-23 19:07:30+00:00,148.71478404344464,165.50365138594802,14.6351573284869,0.0,2025-01-03 15:32:03.652288958+00:00,448.0800654702037,165.50365138594802,215.03215567054764,0.0
2024-12-23 19:22:30+00:00,185.15743293085376,166.0105584496174,14.525211970684913,0.0,2025-01-01 12:38:43.378124590+00:00,450.78568470814577,166.0105584496174,215.03215567054764,0.0
2024-12-23 19:37:30+00:00,182.15963051259232,166.52743136584445,14.415687657304485,0.0,2025-01-01 16:27:19.942327343+00:00,453.1730674317774,166.52743136584448,215.03215567054764,0.0
2024-12-23 19:52:30+00:00,173.99930116084948,167.05445969714137,14.306605726351604,0.0,2025-01-02 02:48:29.344575102+00:00,455.596672236243,167.05445969714137,215.03215567054764,0.0
2024-12-23 20:07:30+00:00,214.0688436629142,167.5918352439214,14.197988274082997,0.0,2024-12-31 09:25:38.769962866+00:00,458.5891948617769,167.5918352439214,215.03215567054764,0.0
2024-12-23 20:22:30+00:00,200.221299064332,168.13975193321892,14.089858151441645,0.0,2024-12-31 22:19:15.221109494+00:00,461.44332610154663,168.13975193321892,215.03215567054764,0.0
2024-12-23 20:37:30+00:00,207.61060912155796,168.69840561508167,13.982239008186774,0.0,2024-12-31 15:46:05.219149080+00:00,464.72252803466904,168.69840561508167,215.03215567054764,0.0
2024-12-23 20:52:30+00:00,213.14205846954223,169.26799387904023,13.87515530530189,0.0,2024-12-31 11:15:30.527367382+00:00,467.6666932238189,169.26799387904023,215.03215567054764,0.0
2024-12-23 21:07:30+00:00,242.08440786524883,169.84871585057832,13.768632327797013,0.0,2024-12-30 13:47:19.308193241+00:00,471.0477380593968,169.84871585057832,215.03215567054764,0.0
2024-12-23 21:22:30+00:00,273.7741196567923,170.44077192606764,13.662696227327013,0.0,2024-12-29 19:30:59.189715489+00:00,474.2761015267538,170.44077192606764,215.03215567054764,0.0
2024-12-23 21:37:30+00:00,265.76590036571974,171.04436352810262,13.557374015516857,0.0,2024-12-30 00:07:34.025138375+00:00,477.76146892365443,171.04436352810262,215.03215567054764,0.0
2024-12-23 21:52:30+00:00,246.96587335481615,171.65969279442578,13.452693606198348,0.0,2024-12-30 11:36:37.005957323+00:00,481.7076616923152,171.65969279442578,215.03215567054764,0.0
2024-12-23 22:07:30+00:00,325.9407240798821,172.28696225336168,13.348683827622562,0.0,2024-12-28 21:42:10.700922586+00:00,485.2974259250199,172.28696225336168,215.03215567054764,0.0
2024-12-23 22:22:30+00:00,245.28039599072383,172.92637447096894,13.245374431570054,0.0,2024-12-30 13:21:27.072194167+00:00,489.362162216047,172.92637447096894,215.03215567054764,0.0
2024-12-23 22:37:30+00:00,206.7095644844968,173.57813164875677,13.142796136306387,0.0,2024-12-31 19:22:07.158099792+00:00,493.5023827018568,173.57813164875677,215.03215567054764,0.0
2024-12-23 22:52:30+00:00,210.29806959819763,174.24243519957798,13.040980609955392,0.0,2024-12-31 16:29:29.450412199+00:00,497.7272054228932,174.24243519957798,215.03215567054764,0.0
2024-12-23 23:07:30+00:00,205.4492114689531,174.9194852794434,12.939960518033445,0.0,2024-12-31 21:13:02.342588964+00:00,502.4542168175601,174.9194852794434,215.03215567054764,0.0
2024-12-23 23:22:30+00:00,197.36778125354553,175.60948027506353,12.839769518558578,0.0,2025-01-01 05:20:56.208442579+00:00,506.7956653941679,175.60948027506353,215.03215567054764,0.0
2024-12-23 23:37:30+00:00,232.24480663649035,176.31261625891548,12.74044227824894,0.0,2024-12-30 23:57:04.131543444+00:00,512.0913170089253,176.31261625891548,215.03215567054764,0.0
2024-12-23 23:52:30+00:00,241.41789714248668,177.0290863969565,12.64201449666654,0.0,2024-12-30 17:53:02.738257041+00:00,517.1292266820491,177.0290863969565,215.03215567054764,0.0
2024-12-24 00:07:30+00:00,232.1671008100401,177.75908029525291,12.544522888521923,0.0,2024-12-31 00:40:14.031746755+00:00,522.2244650974428,177.75908029525291,215.03215567054764,0.0
2024-12-24 00:22:30+00:00,232.6246008720035,178.50278334040388,12.448005223844676,0.0,2024-12-31 00:40:09.367141135+00:00,527.871790265461,178.50278334040388,215.03215567054764,0.0
2024-12-24 00:37:30+00:00,211.91241065205764,179.26037593017625,12.352500300067128,0.0,2024-12-31 17:27:19.232312403+00:00,533.7061408565436,179.26037593017625,215.03215567054764,0.0
2024-12-24 00:52:30+00:00,177.57174656172987,180.0320327205783,12.258047967228462,0.0,2025-01-02 05:33:09.146208198+00:00,540.2037020588009,180.0320327205783,215.03215567054764,0.0
2024-12-24 01:07:30+00:00,159.6302236010148,180.817921767908,12.164689112386808,0.0,2025-01-03 06:43:06.432943111+00:00,546.2566140162311,180.81792176790802,215.03215567054764,0.0
2024-12-24 01:22:30+00:00,135.22148564760036,181.61820365609037,12.072465660789364,0.0,2025-01-05 03:25:55.775905810+00:00,553.120093749026,181.61820365609037,215.03215567054764,0.0
2024-12-24 01:37:30+00:00,134.61380868045796,182.43303053961856,11.981420559489743,0.0,2025-01-05 05:07:20.087105307+00:00,560.1056298611471,182.43303053961856,215.03215567054764,0.0
2024-12-24 01:52:30+00:00,148.87950505744868,183.26254518556792,11.891597775552569,0.0,2025-01-04 01:33:26.823986717+00:00,567.1644641213574,183.26254518556792,215.03215567054764,0.0
2024-12-24 02:07:30+00:00,166.40508632151392,184.1068798773896,11.803042259614957,0.0,2025-01-02 22:08:22.479533052+00:00,574.8744998730821,184.1068798773896,215.03215567054764,0.0
2024-12-24 02:22:30+00:00,160.79031395367684,184.9661553933393,11.715799944655116,0.0,2025-01-03 06:44:09.685885643+00:00,582.7675114863173,184.9661553933393,215.03215567054764,0.0
2024-12-24 02:37:30+00:00,161.93785759437247,185.8404797958844,11.629917697385,0.0,2025-01-03 05:21:24.809599499+00:00,591.4633833152834,185.8404797958844,215.03215567054764,0.0
2024-12-24 02:52:30+00:00,158.52051153216524,186.72994730269957,11.545443298202958,0.0,2025-01-03 10:56:33.458093530+00:00,599.6664386681647,186.72994730269957,215.03215567054764,0.0
2024-12-24 03:07:30+00:00,148.56994667487885,187.6346370239109,11.462425394545615,0.0,2025-01-04 03:54:54.343978493+00:00,608.3335224593611,187.6346370239109,215.03215567054764,0.0
2024-12-24 03:22:30+00:00,146.05118563301295,188.5546116983809,11.38091345220827,0.0,2025-01-04 08:50:22.023703406+00:00,617.9531241710482,188.5546116983809,215.03215567054764,0.0
2024-12-24 03:37:30+00:00,149.73499521856814,189.48991642843487,11.300957712357633,0.0,2025-01-04 02:33:47.613420437+00:00,627.0999893149169,189.48991642843487,215.03215567054764,0.0
2024-12-24 03:52:30+00:00,180.4152551987941,190.4405772714612,11.222609113362072,0.0,2025-01-02 06:11:00.822139733+00:00,636.9986824101325,190.44057727146122,215.03215567054764,0.0
2024-12-24 04:07:30+00:00,160.49273060278458,191.40660001750737,11.145919246167717,0.0,2025-01-03 09:37:31.117643768+00:00,646.4757433169611,191.40660001750737,215.03215567054764,0.0
2024-12-24 04:22:30+00:00,149.0814788401381,192.38796865139756,11.070940251527151,0.0,2025-01-04 04:45:50.442757676+00:00,656.1873505498162,192.38796865139756,215.03215567054764,0.0
2024-12-24 04:37:30+00:00,110.11945475468823,193.3846442110519,10.997724766682287,0.0,2025-01-08 02:41:15.212629613+00:00,665.7881013102619,193.3846442110519,215.03215567054764,0.0
2024-12-24 04:52:30+00:00,154.13067085919897,194.3965631604416,10.926325802717349,0.0,2025-01-03 20:47:03.001976133+00:00,674.819865474938,194.3965631604416,215.03215567054764,0.0
2024-12-24 05:07:30+00:00,170.19822681815972,195.4236363400776,10.856796674600632,0.0,2025-01-02 20:57:14.471936017+00:00,684.7533752886516,195.4236363400776,215.03215567054764,0.0
2024-12-24 05:22:30+00:00,167.10180397750298,196.46574735445336,10.789190867619288,0.0,2025-01-03 01:34:40.919422792+00:00,690.9142613815189,196.46574735445336,215.03215567054764,0.0
2024-12-24 05:37:30+00:00,166.38993792242735,197.522751598166,10.7235619418003,0.0,2025-01-03 02:54:53.293986656+00:00,697.9440414432257,197.522751598166,215.03215567054764,0.0
2024-12-24 05:52:30+00:00,161.82504821952443,198.59447476367467,10.659963392643231,0.0,2025-01-03 09:56:03.884142712+00:00,702.8016355065814,198.5944747636747,215.03215567054764,0.0
2024-12-24 06:07:30+00:00,161.60267111853085,199.68071196540515,10.598448529023626,0.0,2025-01-03 10:35:37.742819800+00:00,702.6872776073169,199.68071196540515,215.03215567054764,0.0
2024-12-24 06:22:30+00:00,199.7492578421883,200.78122644753904,10.539070327633365,0.0,2025-01-01 12:12:52.117918768+00:00,703.6093368919725,200.78122644753904,215.03215567054764,0.0
2024-12-24 06:37:30+00:00,233.11279316660455,201.8957488633149,10.481881288005283,0.0,2024-12-31 08:11:48.241930247+00:00,694.1150993503227,201.8957488633149,215.03215567054764,0.0
2024-12-24 06:52:30+00:00,228.79102711639135,203.023976254806,10.426933280064496,0.0,2024-12-31 11:41:46.624807867+00:00,681.1564584032404,203.023976254806,215.03215567054764,0.0
2024-12-24 07:07:30+00:00,205.81486944259848,204.165571545417,10.37427738011073,0.0,2025-01-01 07:17:19.112770429+00:00,667.7909528097995,204.165571545417,215.03215567054764,0.0
2024-12-24 07:22:30+00:00,224.41869134641877,205.32016286981604,10.323963711848313,0.0,2024-12-31 15:39:07.271248814+00:00,644.2488943405556,205.32016286981604,215.03215567054764,0.0
2024-12-24 07:37:30+00:00,288.54900839921265,206.48734333876433,10.276041268976613,0.0,2024-12-30 00:45:22.910468271+00:00,619.0523616553439,206.48734333876436,215.03215567054764,0.0
2024-12-24 07:52:30+00:00,296.97456926592866,207.66667079158947,10.230557750153642,0.0,2024-12-29 21:08:43.308621698+00:00,609.2107111345957,207.66667079158947,215.03215567054764,0.0
2024-12-24 08:07:30+00:00,287.5433165307876,208.85766788822855,10.187559375452958,0.0,2024-12-30 01:47:43.625668252+00:00,600.3091095339855,208.85766788822855,215.03215567054764,0.0
2024-12-24 08:22:30+00:00,240.00583496766455,210.0598223560449,10.147090715484676,0.0,2024-12-31 05:20:46.143018528+00:00,596.6578131162338,210.0598223560449,215.03215567054764,0.0
2024-12-24 08:37:30+00:00,230.26338395708055,211.2725874531789,10.109194510650378,0.0,2024-12-31 12:36:28.404156840+00:00,601.2525961249862,211.2725874531789,215.03215567054764,0.0
2024-12-24 08:52:30+00:00,289.0939089515665,212.495382738276,10.073911497151652,0.0,2024-12-30 01:52:58.829996970+00:00,605.496606024892,212.495382738276,215.03215567054764,0.0
2024-12-24 09:07:30+00:00,277.6804478051655,213.7275949703585,10.041280235980206,0.0,2024-12-30 07:47:13.700858522+00:00,613.8160032311956,213.7275949703585,215.03215567054764,0.0
2024-12-24 09:22:30+00:00,273.2515357310728,214.96857941948272,10.011336938449167,0.0,2024-12-30 10:22:14.197491562+00:00,622.4274758750953,214.96857941948275,215.03215567054764,0.0
2024-12-24 09:37:30+00:00,250.3998573674571,216.21766121460016,9.984115314580697,0.0,2024-12-30 23:52:26.497335888+00:00,582.7319783073398,216.21766121460016,215.03215567054764,0.0
2024-12-24 09:52:30+00:00,308.57691717114955,217.47413717281088,9.959646404903438,0.0,2024-12-29 18:18:14.837728023+00:00,551.4275449684349,217.47413717281088,215.03215567054764,0.0
2024-12-24 10:07:30+00:00,350.46177285767544,218.7372776366327,9.937958449414722,0.0,2024-12-29 03:13:01.516351391+00:00,492.06465069077353,218.7372776366327,215.03215567054764,0.0
2024-12-24 10:22:30+00:00,359.72264789768406,220.00632875777148,9.919076736047456,0.0,2024-12-29 00:33:56.641357425+00:00,382.47317036496014,220.00632875777148,215.03215567054764,0.0
2024-12-24 10:37:30+00:00,379.0007154781779,221.28051479833815,9.90302349420046,0.0,2024-12-28 19:13:08.437599075+00:00,306.36653186523824,221.28051479833815,215.03215567054764,0.0
2024-12-24 10:52:30+00:00,308.91329298831386,222.55904081173313,9.88981776782887,0.0,2024-12-29 19:12:28.650489671+00:00,305.92457763687554,222.55904081173313,215.03215567054764,0.0
2024-12-24 11:07:30+00:00,269.4899265766569,223.84109533518148,9.87947534162093,0.0,2024-12-30 14:14:20.592566012+00:00,304.88100232251605,223.84109533518148,215.03215567054764,0.0
2024-12-24 11:22:30+00:00,293.7909336072942,225.1258534215698,9.872008623111393,0.0,2024-12-30 02:19:31.371505243+00:00,304.9357775948808,225.1258534215698,215.03215567054764,0.0
2024-12-24 11:37:30+00:00,285.10641379884765,226.4124796428887,9.867426607311389,0.0,2024-12-30 06:41:20.975317155+00:00,305.0153784318751,226.4124796428887,215.03215567054764,0.0
2024-12-24 11:52:30+00:00,309.7321735967208,227.7001311652087,9.865734867691934,0.0,2024-12-29 19:53:01.295938892+00:00,304.80392855554317,227.7001311652087,215.03215567054764,0.0
2024-12-24 12:07:30+00:00,294.9392972508421,228.9879611946509,9.866935437831396,0.0,2024-12-30 02:33:11.763767436+00:00,304.6303537144422,228.9879611946509,215.03215567054764,0.0
2024-12-24 12:22:30+00:00,295.8977271940094,230.27512211529967,9.871026857388722,0.0,2024-12-30 02:21:54.628714202+00:00,304.252601348377,230.27512211529967,215.03215567054764,0.0
2024-12-24 12:37:30+00:00,317.2693011306269,231.56076877345893,9.878004174750542,0.0,2024-12-29 17:35:06.770532182+00:00,303.8605010852581,231.56076877345893,215.03215567054764,0.0
2024-12-24 12:52:30+00:00,313.82713879858244,232.84406181176328,9.887858981387732,0.0,2024-12-29 19:11:59.105543313+00:00,303.4127072498019,232.84406181176328,215.03215567054764,0.0
2024-12-24 13:07:30+00:00,341.54302870375363,234.12417080929345,9.900579428673591,0.0,2024-12-29 09:11:29.117176814+00:00,302.9587868849096,234.12417080929345,215.03215567054764,0.0
2024-12-24 13:22:30+00:00,323.0084138753059,235.40027744097628,9.916150305566486,0.0,2024-12-29 16:05:31.696087660+00:00,302.51843496782374,235.40027744097628,215.03215567054764,0.0
2024-12-24 13:37:30+00:00,311.69650567037013,236.67157845879203,9.93455311450138,0.0,2024-12-29 20:47:03.505645704+00:00,302.0723161203306,236.67157845879203,215.03215567054764,0.0
2024-12-24 13:52:30+00:00,320.3591746762403,237.93728857254484,9.955766161917015,0.0,2024-12-29 17:34:59.019035713+00:00,301.6467446230798,237.93728857254484,215.03215567054764,0.0
2024-12-24 14:07:30+00:00,344.3457349550839,239.1966431118049,9.979764667833448,0.0,2024-12-29 09:12:08.249850244+00:00,301.20768792059914,239.19664311180492,215.03215567054764,0.0
2024-12-24 14:22:30+00:00,312.2658606163021,240.4489005675622,10.006520888156624,0.0,2024-12-29 21:15:28.508661164+00:00,300.7943782192297,240.4489005675622,215.03215567054764,0.0
2024-12-24 14:37:30+00:00,254.65611001834745,241.69334483177704,10.036004244311483,0.0,2024-12-31 02:11:22.989339849+00:00,300.33759106406825,241.69334483177704,215.03215567054764,0.0
2024-12-24 14:52:30+00:00,238.115305444349,242.9292873262464,10.068181472591151,0.0,2024-12-31 13:13:11.962650925+00:00,299.8674631359601,242.9292873262464,215.03215567054764,0.0
2024-12-24 15:07:30+00:00,253.13200340385723,244.15606876627075,10.103016771948472,0.0,2024-12-31 03:34:30.770248852+00:00,299.3891279584517,244.15606876627075,215.03215567054764,0.0
2024-12-24 15:22:30+00:00,298.25357631981444,245.37306082789297,10.140471971122832,0.0,2024-12-30 04:07:56.018888177+00:00,298.87857137589947,245.37306082789297,215.03215567054764,0.0
2024-12-24 15:37:30+00:00,295.8002292978257,246.57966739945,10.180506689808054,0.0,2024-12-30 05:27:25.746183852+00:00,298.3967752164214,246.57966739945,215.03215567054764,0.0
2024-12-24 15:52:30+00:00,267.32709856232884,247.77532577186247,10.22307851678846,0.0,2024-12-30 19:55:51.239837453+00:00,297.9134996954575,247.77532577186247,215.03215567054764,0.0
2024-12-24 16:07:30+00:00,242.60239557839117,248.95950737714284,10.268143179174263,0.0,2024-12-31 11:14:02.567289459+00:00,297.4109517724578,248.95950737714284,215.03215567054764,0.0
2024-12-24 16:22:30+00:00,261.79554921633144,250.13171850611872,10.31565472463878,0.0,2024-12-30 23:29:27.154357276+00:00,296.9678290108726,250.13171850611872,215.03215567054764,0.0
2024-12-24 16:37:30+00:00,305.23071786310516,251.2915005536561,10.365565693587904,0.0,2024-12-30 02:12:18.260565015+00:00,296.50330145307834,251.2915005536561,215.03215567054764,0.0
2024-12-24 16:52:30+00:00,276.81286993473975,252.4384303014444,10.417827299428746,0.0,2024-12-30 15:43:17.001164893+00:00,296.0640072730336,252.43843030144438,215.03215567054764,0.0
2024-12-24 17:07:30+00:00,282.56976383564177,253.57211970602177,10.472389598997426,0.0,2024-12-30 13:01:25.729896261+00:00,295.6112887010464,253.57211970602177,215.03215567054764,0.0
2024-12-24 17:22:30+00:00,271.81131845924045,254.69221579070543,10.52920166522387,0.0,2024-12-30 18:46:14.506043291+00:00,295.16808100746533,254.69221579070546,215.03215567054764,0.0
2024-12-24 17:37:30+00:00,258.60909735403754,255.7984000460958,10.588211752259848,0.0,2024-12-31 02:23:57.039277419+00:00,294.6000817031579,255.7984000460958,215.03215567054764,0.0
2024-12-24 17:52:30+00:00,254.28594583205015,256.89038797605104,10.649367455979853,0.0,2024-12-31 05:12:00.131466044+00:00,294.0374036883835,256.89038797605104,215.03215567054764,0.0
2024-12-24 18:07:30+00:00,228.29431818562,257.9679281909054,10.712615870330987,0.0,2024-12-31 23:04:49.691468083+00:00,293.27144415194937,257.9679281909054,215.03215567054764,0.0
2024-12-24 18:22:30+00:00,262.0639577289009,259.0308016480418,10.777903733488994,0.0,2024-12-31 00:59:42.836228515+00:00,292.3259711985401,259.0308016480418,215.03215567054764,0.0
2024-12-24 18:37:30+00:00,273.56856897418027,260.0788205625225,10.84517757022024,0.0,2024-12-30 18:51:48.777413881+00:00,291.5073882342259,260.0788205625225,215.03215567054764,0.0
2024-12-24 18:52:30+00:00,269.210402754591,261.11182733065834,10.91438382586114,0.0,2024-12-30 21:23:56.057074095+00:00,290.10152443695443,261.11182733065834,215.03215567054764,0.0
2024-12-24 19:07:30+00:00,263.3494215391411,262.1296933722698,10.98546898954972,0.0,2024-12-31 00:51:27.751039342+00:00,288.6552579722116,262.1296933722698,215.03215567054764,0.0
2024-12-24 19:22:30+00:00,226.43953514757607,263.1323178393898,11.058379714572036,0.0,2025-01-01 01:27:07.474143769+00:00,287.2855204495212,263.1323178393898,215.03215567054764,0.0
2024-12-24 19:37:30+00:00,231.30784316903575,264.11962635420974,11.133062925454563,0.0,2024-12-31 21:58:33.246413559+00:00,285.352676919594,264.11962635420974,215.03215567054764,0.0
2024-12-24 19:52:30+00:00,260.50483854246727,265.09156965213515,11.209465920136642,0.0,2024-12-31 03:04:35.572042091+00:00,283.60362136886425,265.09156965213515,215.03215567054764,0.0
2024-12-24 20:07:30+00:00,258.73802616010505,266.04812223375404,11.287536462553415,0.0,2024-12-31 04:18:02.623161819+00:00,281.88122196849423,266.0481222337541,215.03215567054764,0.0
2024-12-24 20:22:30+00:00,267.7750855836251,266.9892809906434,11.367222867130495,0.0,2024-12-30 23:21:26.956272536+00:00,279.9357046241947,266.9892809906434,215.03215567054764,0.0
2024-12-24 20:37:30+00:00,268.1467162619961,267.91506383223657,11.448474076825493,0.0,2024-12-30 23:20:42.808993298+00:00,278.1398653714885,267.91506383223657,215.03215567054764,0.0
2024-12-24 20:52:30+00:00,347.60503342197467,268.8255083339458,11.531239729825426,0.0,2024-12-29 14:00:38.656974351+00:00,276.3287192816825,268.8255083339458,215.03215567054764,0.0
2024-12-24 21:07:30+00:00,377.30230656536406,269.7206703844813,11.615470222428671,0.0,2024-12-29 05:18:45.862521238+00:00,274.849224705225,269.7206703844813,215.03215567054764,0.0
2024-12-24 21:22:30+00:00,420.4390129382304,270.60062285720437,11.701116766696012,0.0,2024-12-28 18:50:01.659842023+00:00,273.2493898616678,270.6006228572044,215.03215567054764,0.0
2024-12-24 21:37:30+00:00,378.05144496490914,271.46545434586864,11.788131430551704,0.0,2024-12-29 05:31:04.884870734+00:00,271.78354634772904,271.46545434586864,215.03215567054764,0.0
2024-12-24 21:52:30+00:00,287.07299690517334,272.3152678764971,11.876467190120817,0.0,2024-12-30 14:38:02.661028788+00:00,270.8053668911884,272.3152678764971,215.03215567054764,0.0
2024-12-24 22:07:30+00:00,258.40538381089107,273.15017973660787,11.966077951889735,0.0,2024-12-31 05:59:21.017338007+00:00,269.70754712459217,273.15017973660787,215.03215567054764,0.0
2024-12-24 22:22:30+00:00,270.18428772873887,273.97031826822166,12.056918595895114,0.0,2024-12-30 23:33:12.799179382+00:00,268.65351613588507,273.97031826822166,215.03215567054764,0.0
2024-12-24 22:37:30+00:00,336.57460289566427,274.77582278395425,12.14894498621979,0.0,2024-12-29 19:06:49.774798103+00:00,267.970447173541,274.77582278395425,215.03215567054764,0.0
2024-12-24 22:52:30+00:00,261.73405379774965,275.56684246812125,12.242114003163447,0.0,2024-12-31 04:36:14.364391716+00:00,267.4983827411379,275.56684246812125,215.03215567054764,0.0
2024-12-24 23:07:30+00:00,226.62236413439877,276.34353538167994,12.3363835447313,0.0,2025-01-01 03:58:18.599367276+00:00,266.9646599289723,276.34353538167994,215.03215567054764,0.0
2024-12-24 23:22:30+00:00,241.2791159869624,277.1060674749952,12.431712549374629,0.0,2024-12-31 17:38:44.588433987+00:00,266.4218681446899,277.1060674749952,215.03215567054764,0.0
2024-12-24 23:37:30+00:00,242.69333351069844,277.8546116902696,12.52806099039973,0.0,2024-12-31 16:52:24.307903058+00:00,266.4952540277775,277.8546116902696,215.03215567054764,0.0
2024-12-24 23:52:30+00:00,238.33691691080463,278.5893470836619,12.625389889599033,0.0,2024-12-31 19:59:30.712036417+00:00,266.495612852891,278.5893470836619,215.03215567054764,0.0
2024-12-25 00:07:30+00:00,247.40191986644408,279.3104580264834,12.723661305872644,0.0,2024-12-31 14:09:06.230091844+00:00,266.43427548217744,279.3104580264834,215.03215567054764,0.0
2024-12-25 00:22:30+00:00,251.7444768518218,280.01813343506495,12.822838342257366,0.0,2024-12-31 11:35:58.772389056+00:00,266.49180967424195,280.01813343506495,215.03215567054764,0.0
2024-12-25 00:37:30+00:00,229.5456829343404,280.7125660654271,12.922885129407511,0.0,2025-01-01 02:46:36.564666567+00:00,266.96895932561256,280.71256606542715,215.03215567054764,0.0
2024-12-25 00:52:30+00:00,209.0182666904387,281.3939518463832,13.023766826784524,0.0,2025-01-01 19:38:38.201802884+00:00,267.37386839170665,281.3939518463832,215.03215567054764,0.0
2024-12-25 01:07:30+00:00,193.67381009164933,282.06248926628405,13.125449602224814,0.0,2025-01-02 10:35:23.568714641+00:00,267.7574626507161,282.06248926628405,215.03215567054764,0.0
2024-12-25 01:22:30+00:00,204.35221493186316,282.71837879840825,13.227900628722988,0.0,2025-01-02 00:12:55.683961435+00:00,268.0823337496453,282.71837879840825,215.03215567054764,0.0
2024-12-25 01:37:30+00:00,214.03376574446384,283.36182237417546,13.33108806154832,0.0,2025-01-01 15:44:23.530171280+00:00,268.89835555986633,283.36182237417546,215.03215567054764,0.0
2024-12-25 01:52:30+00:00,200.41153861086303,283.9930228962945,13.434981030249292,0.0,2025-01-02 04:16:05.765945392+00:00,269.5908794254284,283.9930228962945,215.03215567054764,0.0
2024-12-25 02:07:30+00:00,206.39457461527968,284.6121837888393,13.539549614948475,0.0,2025-01-01 22:47:06.796648717+00:00,270.2198021541786,284.6121837888393,215.03215567054764,0.0
2024-12-25 02:22:30+00:00,210.83588927281903,285.219508588525,13.6447648338523,0.0,2025-01-01 18:57:52.573876379+00:00,270.8723232146465,285.219508588525,215.03215567054764,0.0
2024-12-25 02:37:30+00:00,210.0153953086532,285.8152005684866,13.750598620950056,0.0,2025-01-01 19:50:18.162560678+00:00,271.6195677085087,285.8152005684866,215.03215567054764,0.0
2024-12-25 02:52:30+00:00,201.57720714810023,286.3994623959006,13.857023807993638,0.0,2025-01-02 03:44:22.324378773+00:00,272.57579192594335,286.3994623959006,215.03215567054764,0.0
2024-12-25 03:07:30+00:00,212.31494774039743,286.9724958217447,13.964014103609172,0.0,2025-01-01 18:08:17.187053252+00:00,273.3843637541607,286.9724958217447,215.03215567054764,0.0
2024-12-25 03:22:30+00:00,213.93407617346745,287.5345014012663,14.071544074135524,0.0,2025-01-01 16:54:21.118884403+00:00,274.13852817011855,287.5345014012663,215.03215567054764,0.0
2024-12-25 03:37:30+00:00,213.0766964548758,288.0856782376166,14.179589120496376,0.0,2025-01-01 17:47:17.952759360+00:00,274.9506855480148,288.0856782376166,215.03215567054764,0.0
2024-12-25 03:52:30+00:00,218.40664673680945,288.62622375778204,14.288125459363416,0.0,2025-01-01 13:29:48.514827871+00:00,275.7899811985647,288.62622375778204,215.03215567054764,0.0
2024-12-25 04:07:30+00:00,249.89665315207887,289.156333507826,14.397130100514175,0.0,2024-12-31 15:16:48.050011688+00:00,276.80463656009135,289.156333507826,215.03215567054764,0.0
2024-12-25 04:22:30+00:00,234.536121752021,289.67620097095516,14.506580825441908,0.0,2025-01-01 01:36:05.166967081+00:00,277.65555236474677,289.67620097095516,215.03215567054764,0.0
2024-12-25 04:37:30+00:00,237.7086811352254,290.1860174115716,14.616456167365524,0.0,2024-12-31 23:33:24.943969617+00:00,278.5856641800584,290.1860174115716,215.03215567054764,0.0
2024-12-25 04:52:30+00:00,220.41386807469817,290.68597173143576,14.726735388805531,0.0,2025-01-01 12:29:41.003009218+00:00,279.34655943444517,290.68597173143576,215.03215567054764,0.0
2024-12-25 05:07:30+00:00,246.48111435726213,291.1762503452696,14.837398459189226,0.0,2024-12-31 18:05:05.432158056+00:00,280.0981782307196,291.1762503452696,215.03215567054764,0.0
2024-12-25 05:22:30+00:00,285.2296199881158,291.6570370894391,14.94842604103486,0.0,2024-12-30 20:56:11.723371688+00:00,281.11910662715843,291.6570370894391,215.03215567054764,0.0
2024-12-25 05:37:30+00:00,294.4128671001604,292.1285131056243,15.0597994572354,0.0,2024-12-30 16:53:06.304502860+00:00,281.96472751141897,292.1285131056243,215.03215567054764,0.0
2024-12-25 05:52:30+00:00,307.508347245409,292.59085679284357,15.17150068343322,0.0,2024-12-30 11:28:30.271160286+00:00,282.90896055538917,292.59085679284357,215.03215567054764,0.0
2024-12-25 06:07:30+00:00,294.48114006435844,293.0442437223021,15.283512319026142,0.0,2024-12-30 17:12:28.238200527+00:00,283.674434997081,293.0442437223021,215.03215567054764,0.0
2024-12-25 06:22:30+00:00,270.4113154470049,293.48884659696574,15.395817571447395,0.0,2024-12-31 05:02:43.863332443+00:00,284.3997995266335,293.48884659696574,215.03215567054764,0.0
2024-12-25 06:37:30+00:00,300.93598620651903,293.9248352149806,15.50840023902956,0.0,2024-12-30 14:45:06.489805273+00:00,285.24015000526913,293.9248352149806,215.03215567054764,0.0
2024-12-25 06:52:30+00:00,310.7729349713001,294.35237641869566,15.62124468448372,0.0,2024-12-30 10:52:33.644467355+00:00,286.0527302018803,294.35237641869566,215.03215567054764,0.0
2024-12-25 07:07:30+00:00,347.194771696904,294.77163410386345,15.734335827032572,0.0,2024-12-29 22:03:17.872053137+00:00,286.97870220005467,294.77163410386345,215.03215567054764,0.0
2024-12-25 07:22:30+00:00,347.1556678786119,295.182769176882,15.847659115260631,0.0,2024-12-29 22:15:15.754948777+00:00,287.7183107148653,295.182769176882,215.03215567054764,0.0
2024-12-25 07:37:30+00:00,368.2582950751252,295.5859395614118,15.96120051298638,0.0,2024-12-29 16:05:27.512320157+00:00,288.4217419678623,295.5859395614118,215.03215567054764,0.0
2024-12-25 07:52:30+00:00,372.694801413208,295.9813002175633,16.074946487809342,0.0,2024-12-29 15:02:18.411921985+00:00,289.24608593368146,295.9813002175633,215.03215567054764,0.0
2024-12-25 08:07:30+00:00,369.71030148286354,296.36900310252446,16.188883981403045,0.0,2024-12-29 16:03:42.057308903+00:00,289.8809604470812,296.36900310252446,215.03215567054764,0.0
2024-12-25 08:22:30+00:00,364.0970244525189,296.74919722628556,16.303000405037555,0.0,2024-12-29 17:51:12.612471514+00:00,290.65202722134944,296.74919722628556,215.03215567054764,0.0
2024-12-25 08:37:30+00:00,355.76161071665626,297.12202866421285,16.417283622656704,0.0,2024-12-29 20:30:45.943579666+00:00,291.3487909724018,297.12202866421285,215.03215567054764,0.0
2024-12-25 08:52:30+00:00,324.45448296179904,297.48764054045535,16.53172192594324,0.0,2024-12-30 07:06:17.504035382+00:00,292.1750476508687,297.48764054045535,215.03215567054764,0.0
2024-12-25 09:07:30+00:00,291.0362415048703,297.8461730994113,16.646304030553733,0.0,2024-12-30 20:51:16.289730429+00:00,292.8074037242776,297.8461730994113,215.03215567054764,0.0
2024-12-25 09:22:30+00:00,298.89415692821365,298.19776372319734,16.761019059188687,0.0,2024-12-30 17:34:01.891170195+00:00,293.40800795684413,298.19776372319734,215.03215567054764,0.0
2024-12-25 09:37:30+00:00,311.08824785495204,298.542546930093,16.87585651993166,0.0,2024-12-30 12:43:15.436285851+00:00,294.1440591785547,298.542546930093,215.03215567054764,0.0
2024-12-25 09:52:30+00:00,339.1528033103162,298.88065445361195,16.990806302389053,0.0,2024-12-30 02:43:09.799319498+00:00,294.68434910560825,298.88065445361195,215.03215567054764,0.0
2024-12-25 10:07:30+00:00,395.3876616065536,299.21221527266704,17.105858663189117,0.0,2024-12-29 10:51:49.033345964+00:00,295.36396473263255,299.21221527266704,215.03215567054764,0.0
2024-12-25 10:22:30+00:00,449.4223440129299,299.5373556067964,17.22100420448645,0.0,2024-12-28 23:25:59.114674057+00:00,295.8484192342625,299.5373556067964,215.03215567054764,0.0
2024-12-25 10:37:30+00:00,441.1335966448145,299.85619900667433,17.336233871352007,0.0,2024-12-29 01:13:50.952169101+00:00,296.4037080745914,299.85619900667433,215.03215567054764,0.0
2024-12-25 10:52:30+00:00,427.36689663495383,300.16886640097795,17.451538940622076,0.0,2024-12-29 04:13:06.598766379+00:00,297.1026220263846,300.16886640097795,215.03215567054764,0.0
2024-12-25 11:07:30+00:00,394.3355204410451,300.4754760730354,17.566910997726836,0.0,2024-12-29 11:53:44.832085206+00:00,297.6022521818498,300.4754760730354,215.03215567054764,0.0
2024-12-25 11:22:30+00:00,388.7621100784773,300.77614376923356,17.682341936497316,0.0,2024-12-29 13:28:32.671606715+00:00,298.248659103827,300.77614376923356,215.03215567054764,0.0
2024-12-25 11:37:30+00:00,390.8443897724277,301.07098273859503,17.797823947436815,0.0,2024-12-29 13:08:45.589596318+00:00,298.69500649631783,301.07098273859503,215.03215567054764,0.0
2024-12-25 11:52:30+00:00,406.1879932045332,301.36010375204387,17.913349503368,0.0,2024-12-29 09:39:25.970301351+00:00,299.11519205163967,301.36010375204387,215.03215567054764,0.0
2024-12-25 12:07:30+00:00,397.35395619840705,301.6436151448077,18.028911348595393,0.0,2024-12-29 11:56:09.573435297+00:00,299.68649806666537,301.6436151448077,215.03215567054764,0.0
2024-12-25 12:22:30+00:00,377.19887756189394,301.92162289406,18.144502494047025,0.0,2024-12-29 17:14:46.659367221+00:00,300.0568036992376,301.92162289406,215.03215567054764,0.0
2024-12-25 12:37:30+00:00,337.20930232558135,302.194230672175,18.2601162086632,0.0,2024-12-30 05:23:32.430186636+00:00,300.5810632386032,302.194230672175,215.03215567054764,0.0
2024-12-25 12:52:30+00:00,315.13222426482525,302.4615398220886,18.375746000929656,0.0,2024-12-30 13:28:17.490077625+00:00,300.93871221806074,302.4615398220886,215.03215567054764,0.0
2024-12-25 13:07:30+00:00,308.02112047210466,302.7236494756596,18.491385619500733,0.0,2024-12-30 16:25:59.214780278+00:00,301.4965175656158,302.7236494756596,215.03215567054764,0.0
2024-12-25 13:22:30+00:00,312.3649662537433,302.9806565889546,18.60702904323316,0.0,2024-12-30 14:53:48.511862355+00:00,301.85152972786153,302.9806565889546,215.03215567054764,0.0
2024-12-25 13:37:30+00:00,323.270008644183,303.2326559723473,18.72267047147379,0.0,2024-12-30 10:58:41.943579890+00:00,302.183591112091,303.2326559723473,215.03215567054764,0.0
2024-12-25 13:52:30+00:00,324.0801335559265,303.47974031494897,18.838304313586345,0.0,2024-12-30 10:51:57.631879797+00:00,302.67475886823013,303.479740314949,215.03215567054764,0.0
2024-12-25 14:07:30+00:00,322.3554408863257,303.72200027228513,18.953925186121772,0.0,2024-12-30 11:40:21.467411710+00:00,302.9628219907356,303.72200027228513,215.03215567054764,0.0
2024-12-25 14:22:30+00:00,327.3622704507512,303.95952451139533,19.06952790548936,0.0,2024-12-30 10:03:23.612532788+00:00,303.41210628643597,303.95952451139533,215.03215567054764,0.0
2024-12-25 14:37:30+00:00,326.8915935160752,304.19239971765427,19.18510747747819,0.0,2024-12-30 10:24:17.266171616+00:00,303.65800812139264,304.19239971765427,215.03215567054764,0.0
2024-12-25 14:52:30+00:00,324.4469949916528,304.42071064750866,19.3006590909903,0.0,2024-12-30 11:27:29.994983468+00:00,303.88329602010873,304.42071064750866,215.03215567054764,0.0
2024-12-25 15:07:30+00:00,328.5120870742576,304.64454019696416,19.41617811406622,0.0,2024-12-30 10:11:51.882410683+00:00,304.2726709824244,304.6445401969642,215.03215567054764,0.0
2024-12-25 15:22:30+00:00,321.86456594323874,304.86396944857773,19.531660087815805,0.0,2024-12-30 12:45:18.089712901+00:00,304.4584523317849,304.86396944857773,215.03215567054764,0.0
2024-12-25 15:37:30+00:00,322.24036397659097,305.079077671729,19.64710071715042,0.0,2024-12-30 12:47:56.058826550+00:00,304.8102052577283,305.079077671729,215.03215567054764,0.0
2024-12-25 15:52:30+00:00,302.2095649612098,305.2899423772952,19.762495865820664,0.0,2024-12-30 20:44:29.532393310+00:00,304.99590239707584,305.2899423772952,215.03215567054764,0.0
2024-12-25 16:07:30+00:00,303.9017598500795,305.4966393819189,19.877841552674205,0.0,2024-12-30 20:13:22.451840956+00:00,305.1845295255869,305.4966393819189,215.03215567054764,0.0
2024-12-25 16:22:30+00:00,298.4819056403994,305.6992428479063,19.993133945977867,0.0,2024-12-30 22:39:05.889565434+00:00,305.5409853521071,305.69924284790636,215.03215567054764,0.0
2024-12-25 16:37:30+00:00,295.93713099067554,305.8978253002563,20.108369357105374,0.0,2024-12-30 23:54:44.077232216+00:00,305.6935197821263,305.8978253002563,215.03215567054764,0.0
2024-12-25 16:52:30+00:00,307.100068742021,306.09245764726603,20.223544234232637,0.0,2024-12-30 19:27:46.576487304+00:00,306.0151994373465,306.09245764726603,215.03215567054764,0.0
2024-12-25 17:07:30+00:00,305.8857786232869,306.28320926217003,20.338655159974092,0.0,2024-12-30 20:07:36.687237386+00:00,306.1330531627352,306.28320926217003,215.03215567054764,0.0
2024-12-25 17:22:30+00:00,315.47131080984525,306.4701480059388,20.45369884601696,0.0,2024-12-30 16:34:08.392704309+00:00,306.4213240447914,306.4701480059388,215.03215567054764,0.0
2024-12-25 17:37:30+00:00,313.67064432939463,306.6533402850336,20.568672129583945,0.0,2024-12-30 17:25:56.684081595+00:00,306.505883735002,306.6533402850336,215.03215567054764,0.0
2024-12-25 17:52:30+00:00,308.4479320267891,306.83285100110595,20.683571965354982,0.0,2024-12-30 19:38:20.514445853+00:00,306.5742467671891,306.83285100110595,215.03215567054764,0.0
2024-12-25 18:07:30+00:00,300.20576930543155,307.0087436733805,20.798395424882276,0.0,2024-12-30 23:09:29.354186790+00:00,306.8147009709066,307.0087436733805,215.03215567054764,0.0
2024-12-25 18:22:30+00:00,301.1790078145807,307.18108044701916,20.91313969158786,0.0,2024-12-30 22:55:49.775258255+00:00,306.8518038442985,307.18108044701916,215.03215567054764,0.0
2024-12-25 18:37:30+00:00,307.7373049570807,307.3499221401122,21.02780205709567,0.0,2024-12-30 20:27:14.554536546+00:00,307.06212413375675,307.3499221401122,215.03215567054764,0.0
2024-12-25 18:52:30+00:00,316.2641587240354,307.5153282431913,21.142379916916177,0.0,2024-12-30 17:20:57.757110417+00:00,307.0692734629619,307.5153282431913,215.03215567054764,0.0
2024-12-25 19:07:30+00:00,305.66836199868,307.67735694730953,21.256870766535613,0.0,2024-12-30 21:38:01.792843197+00:00,307.06189437291846,307.67735694730953,215.03215567054764,0.0
2024-12-25 19:22:30+00:00,300.0409242381921,307.8360652115033,21.371272198695255,0.0,2024-12-31 00:06:28.333598820+00:00,307.22916346710906,307.8360652115033,215.03215567054764,0.0
2024-12-25 19:37:30+00:00,293.3228635340851,307.99150877843647,21.485581899856232,0.0,2024-12-31 03:08:21.673469781+00:00,307.1998911167468,307.99150877843647,215.03215567054764,0.0
2024-12-25 19:52:30+00:00,296.98113456551437,308.1437422259501,21.599797647121996,0.0,2024-12-31 01:44:39.427476178+00:00,307.3815708240992,308.1437422259501,215.03215567054764,0.0
2024-12-25 20:07:30+00:00,292.157471755251,308.2928189299017,21.71391730463099,0.0,2024-12-31 03:59:49.068595979+00:00,307.3607741674879,308.2928189299017,215.03215567054764,0.0
2024-12-25 20:22:30+00:00,299.02651605489666,308.4387911376483,21.827938820743448,0.0,2024-12-31 01:14:09.179657140+00:00,307.5159434673029,308.4387911376483,215.03215567054764,0.0
2024-12-25 20:37:30+00:00,300.2252662734835,308.58171000162326,21.94186022524904,0.0,2024-12-31 00:54:50.417685987+00:00,307.4690976917634,308.58171000162326,215.03215567054764,0.0
2024-12-25 20:52:30+00:00,315.34264424447247,308.72162559746425,22.055679626401023,0.0,2024-12-30 19:08:09.229483442+00:00,307.40966476687623,308.72162559746425,215.03215567054764,0.0
2024-12-25 21:07:30+00:00,321.7088722167468,308.8585869739645,22.16939520810123,0.0,2024-12-30 16:58:38.455492660+00:00,307.52683916108305,308.8585869739645,215.03215567054764,0.0
2024-12-25 21:22:30+00:00,302.30539875148594,308.9926421092339,22.28300522816712,0.0,2024-12-31 00:35:26.543841346+00:00,307.4428549509598,308.9926421092339,215.03215567054764,0.0
2024-12-25 21:37:30+00:00,359.6265092984431,309.123837984355,22.39650801490238,0.0,2024-12-30 05:08:25.009041105+00:00,307.53595911396275,309.123837984355,215.03215567054764,0.0
2024-12-25 21:52:30+00:00,305.711854387663,309.25222061208456,22.50990196482532,0.0,2024-12-30 23:34:27.560640056+00:00,307.4284100918365,309.25222061208456,215.03215567054764,0.0
2024-12-25 22:07:30+00:00,304.58127887564547,309.377835052517,22.62318554044844,0.0,2024-12-31 00:12:15.056381820+00:00,307.3095279275675,309.377835052517,215.03215567054764,0.0
2024-12-25 22:22:30+00:00,293.84382531196616,309.5007254498917,22.736357267475103,0.0,2024-12-31 04:50:26.495284482+00:00,307.36825187879197,309.5007254498917,215.03215567054764,0.0
2024-12-25 22:37:30+00:00,295.8884963310944,309.62093502609525,22.84941573370556,0.0,2024-12-31 04:08:34.583557352+00:00,307.2272692985494,309.62093502609525,215.03215567054764,0.0
2024-12-25 22:52:30+00:00,292.02550227390475,309.7385060903944,22.96235958714174,0.0,2024-12-31 05:58:42.904060598+00:00,307.2642660996605,309.7385060903944,215.03215567054764,0.0
2024-12-25 23:07:30+00:00,291.2412159801219,309.8534801047661,23.07518753250581,0.0,2024-12-31 06:29:45.589766081+00:00,307.1021315102813,309.8534801047661,215.03215567054764,0.0
2024-12-25 23:22:30+00:00,299.3583683649456,309.9658976874058,23.187898329988325,0.0,2024-12-31 03:13:10.383754095+00:00,306.92988021573154,309.9658976874058,215.03215567054764,0.0
2024-12-25 23:37:30+00:00,299.91191349065866,310.07579863303175,23.300490793361345,0.0,2024-12-31 03:10:06.320956263+00:00,306.93593900755343,310.07579863303175,215.03215567054764,0.0
2024-12-25 23:52:30+00:00,300.0223043804451,310.18322196268196,23.412963786586772,0.0,2024-12-31 03:18:01.870821936+00:00,306.74393131174213,310.18322196268196,215.03215567054764,0.0
2024-12-26 00:07:30+00:00,309.9619156928214,310.2882058419678,23.525316227103684,0.0,2024-12-30 23:31:21.219435484+00:00,306.7304708271379,310.2882058419678,215.03215567054764,0.0
2024-12-26 00:22:30+00:00,342.0274100244593,310.39078770069244,23.63754707909248,0.0,2024-12-30 12:30:55.726074858+00:00,306.51960116920407,310.39078770069244,215.03215567054764,0.0
2024-12-26 00:37:30+00:00,305.47775704605715,310.4910042200724,23.749655353270015,0.0,2024-12-31 01:37:59.869610003+00:00,306.4874577189007,310.4910042200724,215.03215567054764,0.0
2024-12-26 00:52:30+00:00,310.58993905505156,310.5888913508675,23.86164010544919,0.0,2024-12-30 23:49:18.743925428+00:00,306.2585966045274,310.5888913508675,215.03215567054764,0.0
2024-12-26 01:07:30+00:00,307.46444073455757,310.68448434071854,23.97350043434353,0.0,2024-12-31 01:12:38.549666009+00:00,306.0212105905682,310.68448434071854,215.03215567054764,0.0
2024-12-26 01:22:30+00:00,312.406391605056,310.777817741396,24.085235480649295,0.0,2024-12-30 23:29:31.045234090+00:00,305.96257504664266,310.777817741396,215.03215567054764,0.0
2024-12-26 01:37:30+00:00,312.40613945415635,310.86892538280273,24.196844428544775,0.0,2024-12-30 23:40:22.845485784+00:00,305.73287869178677,310.8689253828028,215.03215567054764,0.0
2024-12-26 01:52:30+00:00,313.3297476267978,310.95784045318,24.308326499941177,0.0,2024-12-30 23:30:22.616178250+00:00,305.68259673591234,310.95784045318,215.03215567054764,0.0
2024-12-26 02:07:30+00:00,309.06234800783454,311.0445954917607,24.419680954595073,0.0,2024-12-31 01:18:39.084327693+00:00,305.4375025898173,311.0445954917607,215.03215567054764,0.0
2024-12-26 02:22:30+00:00,310.74748445853334,311.129222404291,24.530907088968466,0.0,2024-12-31 00:50:43.295252692+00:00,305.1847117460665,311.129222404291,215.03215567054764,0.0
2024-12-26 02:37:30+00:00,316.6288821187063,311.2117524864318,24.64200423424818,0.0,2024-12-30 22:49:37.056798866+00:00,305.1099405452457,311.2117524864318,215.03215567054764,0.0
2024-12-26 02:52:30+00:00,323.7808799360802,311.292216435199,24.752971755307005,0.0,2024-12-30 20:26:38.194729616+00:00,304.8418669181235,311.292216435199,215.03215567054764,0.0
2024-12-26 03:07:30+00:00,341.2283778285938,311.3706443103135,24.863809054203184,0.0,2024-12-30 14:49:27.222063658+00:00,304.7515656138041,311.3706443103135,215.03215567054764,0.0
2024-12-26 03:22:30+00:00,328.94506717545113,311.4470656192345,24.97451556282191,0.0,2024-12-30 19:01:51.036711398+00:00,304.46890562287564,311.4470656192345,215.03215567054764,0.0
2024-12-26 03:37:30+00:00,332.59514156246803,311.5215093055846,25.08509074384912,0.0,2024-12-30 17:59:28.410752204+00:00,304.17944382400987,311.5215093055846,215.03215567054764,0.0
2024-12-26 03:52:30+00:00,324.0685695671648,311.59400376235527,25.195534089869582,0.0,2024-12-30 21:04:45.163962594+00:00,304.0671744810424,311.59400376235527,215.03215567054764,0.0
2024-12-26 04:07:30+00:00,318.95961492240633,311.66457684447516,25.30584512237317,0.0,2024-12-30 23:04:32.277407988+00:00,303.7641636877359,311.66457684447516,215.03215567054764,0.0
2024-12-26 04:22:30+00:00,342.2712394673538,311.7332559120313,25.41602338735887,0.0,2024-12-30 15:26:03.461658956+00:00,303.6379973071815,311.7332559120313,215.03215567054764,0.0
2024-12-26 04:37:30+00:00,336.68358829341423,311.80006774565146,25.526068464885455,0.0,2024-12-30 17:23:52.451456123+00:00,303.32210920960443,311.80006774565146,215.03215567054764,0.0
2024-12-26 04:52:30+00:00,322.9406734801905,311.8650386494966,25.635979958288555,0.0,2024-12-30 22:12:39.675656730+00:00,303.1826722225686,311.8650386494966,215.03215567054764,0.0
2024-12-26 05:07:30+00:00,327.5414972090048,311.92819443881905,25.74575749575001,0.0,2024-12-30 20:48:15.384576652+00:00,302.8545653812493,311.92819443881905,215.03215567054764,0.0
2024-12-26 05:22:30+00:00,322.05051232175947,311.9895604491565,25.855400729816196,0.0,2024-12-30 22:53:33.434389372+00:00,302.52086072617544,311.9895604491565,215.03215567054764,0.0
2024-12-26 05:37:30+00:00,318.48411425007953,312.0491615471606,25.964909336585993,0.0,2024-12-31 00:20:50.452422108+00:00,302.36278916672825,312.0491615471606,215.03215567054764,0.0
2024-12-26 05:52:30+00:00,316.44044421862526,312.1070221516493,26.07428301341747,0.0,2024-12-31 01:16:17.276788749+00:00,302.01783875082623,312.1070221516493,215.03215567054764,0.0
2024-12-26 06:07:30+00:00,305.5537006121313,312.16316623189323,26.183521479917864,0.0,2024-12-31 05:33:50.047838455+00:00,301.8480085230221,312.16316623189323,215.03215567054764,0.0
2024-12-26 06:22:30+00:00,303.9615381859609,312.21761728187397,26.292624481663964,0.0,2024-12-31 06:22:12.587769952+00:00,301.49243589555186,312.21761728187397,215.03215567054764,0.0
2024-12-26 06:37:30+00:00,318.7023768537706,312.2703983885456,26.40159178185577,0.0,2024-12-31 01:00:14.369606741+00:00,301.1320777503914,312.2703983885456,215.03215567054764,0.0
2024-12-26 06:52:30+00:00,319.8092800582034,312.3215322198541,26.51042316354889,0.0,2024-12-31 00:47:32.450064143+00:00,300.94583520211614,312.3215322198541,215.03215567054764,0.0
2024-12-26 07:07:30+00:00,298.3454915130925,312.37104103407535,26.61911842898659,0.0,2024-12-31 09:10:02.876908488+00:00,300.5757733194394,312.37104103407535,215.03215567054764,0.0
2024-12-26 07:22:30+00:00,299.31381699157384,312.41894668859436,26.727677398832377,0.0,2024-12-31 08:57:09.178496863+00:00,300.37919002239033,312.41894668859436,215.03215567054764,0.0
2024-12-26 07:37:30+00:00,291.3727808344647,312.4652706637584,26.83609990946984,0.0,2024-12-31 12:26:38.753915915+00:00,300.00001102390115,312.4652706637584,215.03215567054764,0.0
2024-12-26 07:52:30+00:00,298.3527232888147,312.5100340413755,26.944385816928808,0.0,2024-12-31 09:42:13.767712062+00:00,299.61681337301917,312.5100340413755,215.03215567054764,0.0
2024-12-26 08:07:30+00:00,319.7936898722254,312.5532575065147,27.052534997025266,0.0,2024-12-31 01:43:13.097516471+00:00,299.40590015605767,312.5532575065147,215.03215567054764,0.0
2024-12-26 08:22:30+00:00,325.32903676670423,312.5949613938643,27.160547339266817,0.0,2024-12-30 23:58:24.110899728+00:00,299.01444898052927,312.5949613938643,215.03215567054764,0.0
2024-12-26 08:37:30+00:00,325.8309893921777,312.6351656792568,27.268422748786985,0.0,2024-12-30 23:59:14.865548080+00:00,298.7945209671434,312.6351656792568,215.03215567054764,0.0
2024-12-26 08:52:30+00:00,318.35229258065766,312.6738899871266,27.37616114568494,0.0,2024-12-31 02:47:17.435942904+00:00,298.3953669590863,312.6738899871266,215.03215567054764,0.0
2024-12-26 09:07:30+00:00,316.77309133900206,312.7111535983809,27.483762464651686,0.0,2024-12-31 03:32:25.519918730+00:00,298.16692602898183,312.7111535983809,215.03215567054764,0.0
2024-12-26 09:22:30+00:00,317.6266540212936,312.7469754681585,27.591226652684135,0.0,2024-12-31 03:25:03.247552661+00:00,297.7606063408267,312.7469754681585,215.03215567054764,0.0
2024-12-26 09:37:30+00:00,319.43511559473313,312.78137421983445,27.69855367075567,0.0,2024-12-31 02:57:25.178202644+00:00,297.3512648536539,312.78137421983445,215.03215567054764,0.0
2024-12-26 09:52:30+00:00,317.8980471328182,312.81436812251303,27.8057434984834,0.0,2024-12-31 03:41:23.296957578+00:00,297.1111799704784,312.81436812251303,215.03215567054764,0.0
2024-12-26 10:07:30+00:00,321.4384544928967,312.8459751496276,27.912796124830596,0.0,2024-12-31 02:37:18.689487468+00:00,296.6954653067653,312.8459751496276,215.03215567054764,0.0
2024-12-26 10:22:30+00:00,318.04946228209803,312.87621296578726,28.019711550905228,0.0,2024-12-31 04:00:20.200718143+00:00,296.4480752969304,312.87621296578726,215.03215567054764,0.0
2024-12-26 10:37:30+00:00,322.1361153154089,312.9050989336438,28.126489789666365,0.0,2024-12-31 02:45:00.089422647+00:00,296.0264932602995,312.9050989336438,215.03215567054764,0.0
2024-12-26 10:52:30+00:00,329.27359552742945,312.9326501201649,28.233130865519392,0.0,2024-12-31 00:30:25.076659867+00:00,295.602555569795,312.93265012016496,215.03215567054764,0.0
2024-12-26 11:07:30+00:00,321.45404467887465,312.95888330264074,28.33963481380696,0.0,2024-12-31 03:21:35.271509287+00:00,295.34530137224607,312.95888330264074,215.03215567054764,0.0
2024-12-26 11:22:30+00:00,252.33916993438675,312.98381499999584,28.446001675702696,0.0,2025-01-01 10:16:08.698325616+00:00,294.9162454895622,312.98381499999584,215.03215567054764,0.0
2024-12-26 11:37:30+00:00,262.0203581845228,313.0074614035438,28.552231512425735,0.0,2025-01-01 05:09:39.783562248+00:00,294.6528210114248,313.0074614035438,215.03215567054764,0.0
2024-12-26 11:52:30+00:00,258.97814186434755,313.02983845008026,28.65832439159915,0.0,2025-01-01 06:56:51.073121300+00:00,294.2191261493402,313.02983845008026,215.03215567054764,0.0
2024-12-26 12:07:30+00:00,239.38340814457305,313.0509618134241,28.76428038979642,0.0,2025-01-01 18:29:44.764331520+00:00,293.94996330530927,313.0509618134241,215.03215567054764,0.0
2024-12-26 12:22:30+00:00,252.90600613425477,313.0708469068742,28.87009959286069,0.0,2025-01-01 10:37:29.116952150+00:00,293.51209962234003,313.0708469068742,215.03215567054764,0.0
2024-12-26 12:37:30+00:00,271.12502679563215,313.0895088881172,28.97578209545519,0.0,2025-01-01 01:14:25.975301167+00:00,293.0727575192081,313.0895088881172,215.03215567054764,0.0
2024-12-26 12:52:30+00:00,271.0602942889311,313.106962664727,29.081328000880283,0.0,2025-01-01 01:26:49.095247246+00:00,292.79605085764365,313.106962664727,215.03215567054764,0.0
2024-12-26 13:07:30+00:00,250.62782978115277,313.1232229039044,29.186737419767383,0.0,2025-01-01 12:25:25.102896457+00:00,292.35324203689476,313.1232229039044,215.03215567054764,0.0
2024-12-26 13:22:30+00:00,248.98862445160535,313.13830404477557,29.29201046805754,0.0,2025-01-01 13:32:07.199468356+00:00,292.07184949047564,313.13830404477557,215.03215567054764,0.0
2024-12-26 13:37:30+00:00,252.4323938080978,313.152220249102,29.397147278594822,0.0,2025-01-01 11:44:17.378870955+00:00,291.62602592732213,313.152220249102,215.03215567054764,0.0
2024-12-26 13:52:30+00:00,279.46577629382307,313.16498546990846,29.502147986961297,0.0,2024-12-31 22:10:07.004665096+00:00,291.17932548916156,313.16498546990846,215.03215567054764,0.0
2024-12-26 14:07:30+00:00,284.1363056073848,313.1766134342117,29.607012735830743,0.0,2024-12-31 20:14:18.408618972+00:00,290.89195949490875,313.1766134342117,215.03215567054764,0.0
2024-12-26 14:22:30+00:00,276.20742742443633,313.1871176477309,29.711741674831384,0.0,2025-01-01 00:02:07.498414995+00:00,290.4429247004555,313.1871176477309,215.03215567054764,0.0
2024-12-26 14:37:30+00:00,267.64762977054784,313.19651139934393,29.816334960293645,0.0,2025-01-01 04:21:23.915848946+00:00,290.1518827756426,313.196511399344,215.03215567054764,0.0
2024-12-26 14:52:30+00:00,261.3110047225272,313.20480776510004,29.92079275488768,0.0,2025-01-01 07:46:20.278300647+00:00,289.70095426657105,313.20480776510004,215.03215567054764,0.0
2024-12-26 15:07:30+00:00,264.1224958263773,313.21201961738814,30.025115226428568,0.0,2025-01-01 06:29:19.487343258+00:00,289.24973908419787,313.21201961738814,215.03215567054764,0.0
2024-12-26 15:22:30+00:00,260.33486231097135,313.21815963454026,30.129302546278133,0.0,2025-01-01 08:37:50.970878256+00:00,288.95424345891513,313.21815963454026,215.03215567054764,0.0
2024-12-26 15:37:30+00:00,255.00559184401183,313.2232402569241,30.2333549005228,0.0,2025-01-01 11:40:13.554869612+00:00,288.5018049746708,313.2232402569241,215.03215567054764,0.0
2024-12-26 15:52:30+00:00,256.44877384637823,313.2272737482993,30.33727247605107,0.0,2025-01-01 11:03:14.432036874+00:00,288.20361654423726,313.2272737482993,215.03215567054764,0.0
2024-12-26 16:07:30+00:00,265.356824480931,313.2302721799446,30.441055465117586,0.0,2025-01-01 06:33:22.235500716+00:00,287.75039187781636,313.2302721799446,215.03215567054764,0.0
2024-12-26 16:22:30+00:00,269.9645039467073,313.23224743430274,30.54470406501365,0.0,2025-01-01 04:26:15.169626399+00:00,287.4498951845205,313.23224743430274,215.03215567054764,0.0
2024-12-26 16:37:30+00:00,286.3977178793134,313.2332112087787,30.648218477995417,0.0,2024-12-31 21:02:24.299070195+00:00,286.9963222444848,313.2332112087787,215.03215567054764,0.0
