time,longitude,radius,latitude,Vr,SpiralOrigin_Lon_deg,SpiralOrigin_Rs,SpiralOrigin_Lat_deg
2024-12-22 07:07:30,142.53692558699024,30.66578107547799,2.804180321297186,289.2060243775468,69.46355236952019,30.0,0.0
2024-12-22 07:22:30,142.53798466699396,30.562289471736644,2.7972767386043684,265.48713965011467,62.936163712755956,30.0,0.0
2024-12-22 07:37:30,142.54005411652997,30.458663715919915,2.790307169517442,265.4123808498034,62.915811688892404,30.0,0.0
2024-12-22 07:52:30,142.5431455806182,30.354903602268266,2.783270729778245,250.06689411722468,58.03271955767366,30.0,0.0
2024-12-22 08:07:30,142.5472708804967,30.251008928076516,2.776166520314893,263.6663418975024,62.395744508213056,30.0,0.0
2024-12-22 08:22:30,142.552442071526,30.14697950739776,2.768993624395073,265.38756594659145,62.92075442744766,30.0,0.0
2024-12-22 08:37:30,142.5586713737251,30.04281515286476,2.7617511107156836,267.6955131938243,63.613531412489635,30.0,0.0
2024-12-22 08:52:30,142.56597120212226,29.93851568267776,2.7544380318495234,284.3832436513473,68.25336584345172,30.0,0.0
2024-12-22 09:07:30,142.57435417053907,29.834080920684148,2.747053423903455,277.58963947998683,66.44305548204875,30.0,0.0
2024-12-22 09:22:30,142.58383309582354,29.72951069659109,2.7395963061779303,267.7969551500664,63.66859769205024,30.0,0.0
2024-12-22 09:37:30,142.59442100160092,29.624804846319407,2.7320656808247095,266.56313494066336,63.31391673837845,30.0,0.0
2024-12-22 09:52:30,142.60613112266353,29.51996321211669,2.7244605324785125,268.54204643256435,63.90985232079572,30.0,0.0
2024-12-22 10:07:30,142.61897689041564,29.414985638514377,2.7167798287985807,264.34509295103413,62.673253214751185,30.0,0.0
2024-12-22 10:22:30,142.63297197759698,29.30987198183578,2.709022518162343,277.3713709124868,66.44176418799077,30.0,0.0
2024-12-22 10:37:30,142.6481303017029,29.20462211013449,2.7011875293195855,281.0760286064839,67.46114313365626,30.0,0.0
2024-12-22 10:52:30,142.66446599022137,29.099235894549786,2.6932737728866067,261.16606209294474,61.745606982575,30.0,0.0
2024-12-22 11:07:30,142.68199340404664,28.993713213961005,2.6852801400495476,253.5022379491844,59.316813171131,30.0,0.0
2024-12-22 11:22:30,142.7007271424588,28.88805395513691,2.6772055021440173,251.6307565032973,58.71552577140028,30.0,0.0
2024-12-22 11:37:30,142.7206820480489,28.78225801302369,2.6690487102335796,224.31930201128864,48.510065455555605,30.0,0.0
2024-12-22 11:52:30,142.74187321158402,28.67632529117693,2.6608085946857236,232.6752710128718,51.91460280985706,30.0,0.0
2024-12-22 12:07:30,142.76431597282286,28.570255701021452,2.652483964945716,225.2306638333411,48.934908393938656,30.0,0.0
2024-12-22 12:22:30,142.78802590539243,28.46404915804933,2.6440736100868745,236.09892456419612,53.27783522964029,30.0,0.0
2024-12-22 12:37:30,142.81301891696293,28.357705601375073,2.635576293694643,260.98361081699073,61.837590268684835,30.0,0.0
2024-12-22 12:52:30,142.83931114968385,28.251224972837104,2.62699075854672,258.3647163877781,61.043081186292,30.0,0.0
2024-12-22 13:07:30,142.8669190210848,28.144607224431297,2.618315724392182,250.4719279213735,58.493153340184904,30.0,0.0
2024-12-22 13:22:30,142.8958592299124,28.03785231879052,2.6095498874664207,247.0046977520674,57.33773038293043,30.0,0.0
2024-12-22 13:37:30,142.92614876220833,27.930960229431715,2.600691919971614,245.08941621249423,56.69941534113502,30.0,0.0
2024-12-22 13:52:30,142.95780489740773,27.823930941147772,2.5917404695531774,246.6902201343324,57.29060761421857,30.0,0.0
2024-12-22 14:07:30,142.99084521117751,27.71676444995889,2.582694158940373,225.0326419518913,49.07887060707009,30.0,0.0
2024-12-22 14:22:30,143.02528755404904,27.609460758416304,2.573551586801945,217.6728656287611,45.9380383232525,30.0,0.0
2024-12-22 14:37:30,143.06115016886864,27.502019895601297,2.564311321617327,234.08081265385812,52.7792534320713,30.0,0.0
2024-12-22 14:52:30,143.09845157856114,27.394441896865327,2.554971907057701,227.64807016669576,50.265423208909965,30.0,0.0
2024-12-22 15:07:30,143.13721063263492,27.28672681100746,2.545531859429173,229.34722592128256,50.991950661909755,30.0,0.0
2024-12-22 15:22:30,143.17744651398542,27.17887470073573,2.535989667073681,243.32026245292545,56.323768390200655,30.0,0.0
2024-12-22 15:37:30,143.21917874615116,27.070885643281528,2.526343789764389,221.439378130217,47.78330851148206,30.0,0.0
2024-12-22 15:52:30,143.26242720094515,26.962759730781933,2.516592658060995,226.6911826931214,50.03754079374005,30.0,0.0
2024-12-22 16:07:30,143.30721209011742,26.85449706835168,2.506734673487741,216.92329180772737,45.88447993458226,30.0,0.0
2024-12-22 16:22:30,143.35355399470538,26.74609777801578,2.49676820677068,224.41820705191384,49.184457673601,30.0,0.0
2024-12-22 16:37:30,143.40147391401285,26.637562005443048,2.4866915950516706,218.66087748355295,46.75291016867254,30.0,0.0
2024-12-22 16:52:30,143.4509931980811,26.52888990897905,2.4765031450814092,227.66343906510855,50.62423171690449,30.0,0.0
2024-12-22 17:07:30,143.50213358515532,26.420081664822536,2.4662011310156973,251.45169485374177,59.45712538438147,30.0,0.0
2024-12-22 17:22:30,143.55491721077203,26.311137467503578,2.455783793678035,223.69020831821152,49.07934800741202,30.0,0.0
2024-12-22 17:37:30,143.60936661654122,26.20205753052151,2.4452493398138877,223.84778781756884,49.20030427054934,30.0,0.0
2024-12-22 17:52:30,143.66550475922236,26.09284208714286,2.434595941336272,235.7223279108592,54.01231007300248,30.0,0.0
2024-12-22 18:07:30,143.72335497722167,25.98349138533464,2.4238217367928296,209.91795664629117,43.04945316476039,30.0,0.0
2024-12-22 18:22:30,143.78294113291025,25.87400570568476,2.4129248236122827,208.69802459351837,42.5205559366799,30.0,0.0
2024-12-22 18:37:30,143.844287497245,25.764385346191123,2.401903263831333,203.0613271114508,39.771000590762014,30.0,0.0
2024-12-22 18:52:30,143.9074187916725,25.654630626889944,2.3907550816058016,209.31285475792987,42.94247910594794,30.0,0.0
2024-12-22 19:07:30,143.9723602021252,25.54474189112911,2.379478262151635,212.48643978615465,44.5153794303186,30.0,0.0
2024-12-22 19:22:30,144.0391373896295,25.43471950650513,2.368070750881015,305.4664751329735,74.85557232939948,30.0,0.0
2024-12-22 19:37:30,144.1077765014711,25.324563865575325,2.35653045248602,219.71419031719532,47.92254729268984,30.0,0.0
2024-12-22 19:52:30,144.1783041485714,25.214275383011092,2.3448552318362013,197.53465077454672,37.19322748877386,30.0,0.0
2024-12-22 20:07:30,144.2507475136239,25.10385450713979,2.3330429078670227,190.73033525395763,33.448972180181215,30.0,0.0
2024-12-22 20:22:30,144.32513429069135,24.993301713019523,2.3210912564663206,211.07225954017852,44.20179358206349,30.0,0.0
2024-12-22 20:37:30,144.40149269493892,24.882617503079285,2.3089980096182083,194.26330706215785,35.61481508875943,30.0,0.0
2024-12-22 20:52:30,144.4798514867241,24.771802409511867,2.2967608537825708,195.55460651473385,36.41152145488229,30.0,0.0
2024-12-22 21:07:30,144.56023998453267,24.66085699516843,2.284377428848737,207.55604347063525,42.74070535329406,30.0,0.0
2024-12-22 21:22:30,144.6426880782662,24.549781854634375,2.271845327072915,199.854659726996,38.8995456118883,30.0,0.0
2024-12-22 21:37:30,144.72722621398788,24.438577612879588,2.2591620935720123,194.88947095734272,36.29007128576268,30.0,0.0
2024-12-22 21:52:30,144.81388549691735,24.327244934261635,2.246325220352674,186.2513638215924,31.34754988219146,30.0,0.0
2024-12-22 22:07:30,144.90269762628904,24.215784516705067,2.233332149501353,192.36340723514547,35.04157559777417,30.0,0.0
2024-12-22 22:22:30,144.9936949225127,24.104197094156213,2.2201802713468486,207.0088803467965,42.90503224931132,30.0,0.0
2024-12-22 22:37:30,145.08691034839575,23.992483438238416,2.2068669229481888,194.55632805731068,36.46407619490594,30.0,0.0
2024-12-22 22:52:30,145.18237752447843,23.880644359572074,2.193389386883907,184.7303645610902,30.781803442936678,30.0,0.0
2024-12-22 23:07:30,145.28013072619913,23.76868070793015,2.179744891065263,186.01957619545715,31.672411644655938,30.0,0.0
2024-12-22 23:22:30,145.38020496237095,23.65659337797414,2.165930604015149,173.70126681724443,23.715808707183783,30.0,0.0
2024-12-22 23:37:30,145.4826359313205,23.544383306465477,2.1519436369396714,173.1525876460768,23.432714279109803,30.0,0.0
2024-12-22 23:52:30,145.5874600521259,23.432051474910462,2.1377810416289083,180.29270574173557,28.37107201724865,30.0,0.0
2024-12-23 00:07:30,145.69471448449215,23.319598911127876,2.1234398090014417,190.61649894578613,34.82676825234677,30.0,0.0
2024-12-23 00:22:30,145.8044371347184,23.207026690221415,2.108916868413565,177.29161004775403,26.603874003790168,30.0,0.0
2024-12-23 00:37:30,145.91666671836316,23.094335938801215,2.0942090837729377,176.89299517460609,26.44749420974472,30.0,0.0
2024-12-23 00:52:30,146.03144273274526,22.981527834143613,2.0793132547433486,177.1535235891841,26.737965934119018,30.0,0.0
2024-12-23 01:07:30,146.14880549051276,22.86860360672552,2.0642261145015226,173.30389358608434,24.20544161805708,30.0,0.0
2024-12-23 01:22:30,146.26879613065708,22.755564541919288,2.048944328779468,171.6589137235198,23.156868543143446,30.0,0.0
2024-12-23 01:37:30,146.39145666502216,22.642411982684255,2.033464492887324,174.02545097860897,24.953703524655964,30.0,0.0
2024-12-23 01:52:30,146.51682998325916,22.529147331098244,2.017783131092104,182.1968653257047,30.525483379670277,30.0,0.0
2024-12-23 02:07:30,146.64495986872004,22.415772050363575,2.0018966954001156,179.07579564350127,28.63202752272798,30.0,0.0
2024-12-23 02:22:30,146.77589101871266,22.302287666852088,1.985801564093372,176.25274511146335,26.872738629702155,30.0,0.0
2024-12-23 02:37:30,146.90966907745891,22.188695772488852,1.969494039538928,200.7558529307376,41.6412076723891,30.0,0.0
2024-12-23 02:52:30,147.04634067221338,22.074998027532885,1.952970345818125,193.7155718370023,37.952066238440295,30.0,0.0
2024-12-23 03:07:30,147.1859534105278,21.961196162370367,1.9362266286146732,186.18189849489744,33.67728298164394,30.0,0.0
2024-12-23 03:22:30,147.32855591376654,21.847291980151997,1.9192589530267103,191.08740330830267,36.7338260142526,30.0,0.0
2024-12-23 03:37:30,147.4741978265502,21.73328735946726,1.902063302792599,192.51226001669448,37.69802173133132,30.0,0.0
2024-12-23 03:52:30,147.62292988776227,21.61918425694244,1.88463557593064,204.84928949824513,44.45801382754689,30.0,0.0
2024-12-23 04:07:30,147.77480392599293,21.504984710107085,1.866971584812636,197.76043075745477,40.911870450689605,30.0,0.0
2024-12-23 04:22:30,147.92987288119517,21.390690840361646,1.8490670547311985,196.4870114263071,40.37436779882847,30.0,0.0
2024-12-23 04:37:30,148.0881908376537,21.27630485583404,1.830917621833664,202.0732228132158,43.50600294621046,30.0,0.0
2024-12-23 04:52:30,148.24981303027374,21.161829054749756,1.81251883266206,216.14623594447295,50.476841580008625,30.0,0.0
2024-12-23 05:07:30,148.41479595274316,21.04726582769266,1.7938661376623883,222.03084435880652,53.233156585874724,30.0,0.0
2024-12-23 05:22:30,148.5831973065419,20.932617662093666,1.7749548941777278,228.76527545909852,56.20353123322792,30.0,0.0
2024-12-23 05:37:30,148.75507605511828,20.817887145280284,1.755780363244425,227.6532810562556,55.92417259513712,30.0,0.0
2024-12-23 05:52:30,148.93049244449773,20.70307696850003,1.7363377084254874,224.7599209691994,54.90456618081453,30.0,0.0
2024-12-23 06:07:30,149.10950805234953,20.588189929913742,1.7166219929856603,232.4069527644113,58.17737583897383,30.0,0.0
2024-12-23 06:22:30,149.2921858461754,20.47322893785866,1.69662817653054,223.52429145852685,54.746489634887666,30.0,0.0
2024-12-23 06:37:30,149.47859016576717,20.358197016555845,1.6763511162964395,225.86093100904608,55.91101448250396,30.0,0.0
2024-12-23 06:52:30,149.66878677532387,20.243097309536548,1.6557855642857635,226.55454564191348,56.387675614200134,30.0,0.0
2024-12-23 07:07:30,149.86284287615368,20.127933084964344,1.6349261668702784,226.5383679667117,56.57507027603231,30.0,0.0
2024-12-23 07:22:30,150.06082721550425,20.01270773675903,1.6137674585877348,223.93135846565983,55.68699810607188,30.0,0.0
2024-12-23 07:37:30,150.26281005861725,19.897424792384808,1.5923038643572642,230.4480069522263,58.55770036564297,30.0,0.0
2024-12-23 07:52:30,150.46886323440836,19.782087917159753,1.5705296972894207,227.56942321709897,57.60375219565384,30.0,0.0
2024-12-23 08:07:30,150.67906016298704,19.66670092006993,1.5484391577190475,216.36830615127775,53.00643827119518,30.0,0.0
2024-12-23 08:22:30,150.89347593476188,19.5512677561747,1.526026329131866,229.15373497215717,58.67041110603907,30.0,0.0
2024-12-23 08:37:30,151.11218733448018,19.43579253321188,1.503285177595468,212.8547579298831,51.82730424512607,30.0,0.0
2024-12-23 08:52:30,151.3352728592466,19.32027951864204,1.48020955169027,231.67632328390457,60.11637117552232,30.0,0.0
2024-12-23 09:07:30,151.56281275964034,19.20473314541624,1.456793181136389,202.4692316651784,47.185176798492876,30.0,0.0
2024-12-23 09:22:30,151.79488911071252,19.089158015563346,1.4330296737031571,231.23223390335244,60.4007984195581,30.0,0.0
2024-12-23 09:37:30,152.03158584698323,18.973558907291377,1.408912514478247,215.5219940210428,53.97542293853388,30.0,0.0
2024-12-23 09:52:30,152.27298878335765,18.857940783062116,1.3844350662082483,197.0370565115087,45.01773370474331,30.0,0.0
2024-12-23 10:07:30,152.51918565779724,18.74230879643607,1.359590568446252,200.6328376751951,47.18618034839773,30.0,0.0
2024-12-23 10:22:30,152.77026621285546,18.626668295530948,1.33437213442522,192.42617904841404,42.94498224895085,30.0,0.0
2024-12-23 10:37:30,153.0263222071237,18.51102483343526,1.308772752556652,189.43976394766472,41.469702225694846,30.0,0.0
2024-12-23 10:52:30,153.28744746054076,18.39538417560066,1.2827852860104283,188.25149568346723,41.02666738357698,30.0,0.0
2024-12-23 11:07:30,153.55373791137504,18.27975230640197,1.256402471786879,189.89039703854252,42.26185540616467,30.0,0.0
2024-12-23 11:22:30,153.8252916627914,18.164135437091232,1.2296169206988428,180.7500690126589,36.90550362884528,30.0,0.0
2024-12-23 11:37:30,154.10220901528976,18.048540015603265,1.2024211185230902,176.62383041503284,34.45097222339126,30.0,0.0
2024-12-23 11:52:30,154.38459252682907,17.932972733571496,1.174807425678111,177.6228863930156,35.40634493028392,30.0,0.0
2024-12-23 12:07:30,154.6725470487554,17.81744053656008,1.1467680787590608,171.9338432270839,31.757480652146228,30.0,0.0
2024-12-23 12:22:30,154.9661797796002,17.701950632248124,1.118295191274368,175.5338014719734,34.57193332185767,30.0,0.0
2024-12-23 12:37:30,155.26560030399438,17.586510501185213,1.0893807556837838,172.17455449004154,32.52237719140862,30.0,0.0
2024-12-23 12:52:30,155.57092064377807,17.471127905785544,1.0600166450465198,168.5182177819063,30.164540050366156,30.0,0.0
2024-12-23 13:07:30,155.88225530262403,17.355810900856284,1.0301946155101531,166.8288292988314,29.20594974498954,30.0,0.0
2024-12-23 13:22:30,156.1997213027532,17.240567845600285,0.9999063097487176,169.41908388981636,31.460174429595327,30.0,0.0
2024-12-23 13:37:30,156.5234382465935,17.125407411569228,0.9691432592555806,173.16069418022283,34.47923037291713,30.0,0.0
2024-12-23 13:52:30,156.85352833980562,17.010338597771394,0.9378968896743608,176.76152861773514,37.29550051926077,30.0,0.0
2024-12-23 14:07:30,157.1901164443808,16.895370740330254,0.9061585247063516,158.89272819039485,24.18680032812614,30.0,0.0
2024-12-23 14:22:30,157.53333012474414,16.780513523800902,0.8739193910674475,173.45727728031568,35.69779755190888,30.0,0.0
2024-12-23 14:37:30,157.88329966612952,16.665776997860988,0.8411706258686706,167.09963760739444,31.412290759847906,30.0,0.0
2024-12-23 14:52:30,158.2401581367255,16.55117158508611,0.8079032818185159,169.31343906510853,33.422778767598516,30.0,0.0
2024-12-23 15:07:30,158.6040414110995,16.436708097080047,0.7741083356563584,157.67752455643125,24.575683117601386,30.0,0.0
2024-12-23 15:22:30,158.97508818726956,16.322397751797325,0.7397766977900033,141.3679089013466,9.48387819258096,30.0,0.0
2024-12-23 15:37:30,159.35344005343114,16.20825217909237,0.7048992194360223,144.3685211787087,12.969314320640024,30.0,0.0
2024-12-23 15:52:30,159.7392414822602,16.09428344344611,0.6694667054312838,148.3873901379082,17.31972903958973,30.0,0.0
2024-12-23 16:07:30,160.13263985309186,15.98050405916524,0.6334699260997879,147.64530030671273,16.99730325802392,30.0,0.0
2024-12-23 16:22:30,160.53378550484186,15.866926997147935,0.5968996280654079,184.07722338787732,45.72729631986334,30.0,0.0
2024-12-23 16:37:30,160.94283170835746,15.75356571230076,0.559746551426855,162.66020540070025,31.020090592783845,30.0,0.0
2024-12-23 16:52:30,161.35993469299513,15.640434154858928,0.5220014444468263,150.50665838412857,20.94581625483181,30.0,0.0
2024-12-23 17:07:30,161.78525366479602,15.527546783113314,0.483655079927843,172.47812502029973,39.25806505120261,30.0,0.0
2024-12-23 17:22:30,162.21895076769235,15.414918591722252,0.4446982766310505,151.95869084132468,23.146551294676556,30.0,0.0
2024-12-23 17:37:30,162.66119110429116,15.30256511910402,0.4051219180028337,165.05719649480653,34.625212032356785,30.0,0.0
2024-12-23 17:52:30,163.11214270986406,15.190502468738842,0.3649169753901511,154.47062934347946,26.30128199219655,30.0,0.0
2024-12-23 18:07:30,163.57197650072206,15.078747336493445,0.3240745344093838,165.92634936307593,36.20667353827372,30.0,0.0
2024-12-23 18:22:30,164.0408662819562,14.967317012892009,0.2825858188347612,152.73129634662422,25.671977510664647,30.0,0.0
2024-12-23 18:37:30,164.51898866465743,14.856229417015564,0.240442222151182,149.6385025626368,23.29023139855815,30.0,0.0
2024-12-23 18:52:30,165.0065230090081,14.74550311542001,0.197635339011595,146.5077454672516,20.75981653842723,30.0,0.0
2024-12-23 19:07:30,165.50365138594802,14.6351573284869,0.154156997190879,148.71478404344464,23.397673879989554,30.0,0.0
2024-12-23 19:22:30,166.0105584496174,14.525211970684913,0.1099992973211905,185.15743293085376,51.87385099173565,30.0,0.0
2024-12-23 19:37:30,166.52743136584445,14.415687657304485,0.0651546507527223,182.15963051259232,50.51237524933396,30.0,0.0
2024-12-23 19:52:30,167.05445969714137,14.306605726351604,0.0196158222582447,173.99930116084948,45.598456051787196,30.0,0.0
2024-12-23 20:07:30,167.5918352439214,14.197988274082997,-0.0266240222880904,214.0688436629142,68.87004371895324,30.0,0.0
2024-12-23 20:22:30,168.13975193321892,14.089858151441645,-0.0735712693829412,200.221299064332,62.59024319044022,30.0,0.0
2024-12-23 20:37:30,168.69840561508167,13.982239008186774,-0.1212318030144131,207.61060912155796,66.9056318955677,30.0,0.0
2024-12-23 20:52:30,169.26799387904023,13.87515530530189,-0.1696109489848849,213.14205846954223,70.11693984574566,30.0,0.0
2024-12-23 21:07:30,169.84871585057832,13.768632327797013,-0.2187134156910038,242.08440786524883,82.55164478995636,30.0,0.0
2024-12-23 21:22:30,170.44077192606764,13.662696227327013,-0.2685432285296094,273.7741196567923,93.24845081633595,30.0,0.0
2024-12-23 21:37:30,171.04436352810262,13.557374015516857,-0.3191036634667312,265.76590036571974,91.52603658322448,30.0,0.0
2024-12-23 21:52:30,171.65969279442578,13.452693606198348,-0.3703971739193462,246.96587335481615,86.08811373775575,30.0,0.0
2024-12-23 22:07:30,172.28696225336168,13.348683827622562,-0.4224253145351445,325.9407240798821,107.44922276640563,30.0,0.0
2024-12-23 22:22:30,172.92637447096894,13.245374431570054,-0.4751886609587525,245.28039599072383,86.76677875309326,30.0,0.0
2024-12-23 22:37:30,173.57813164875677,13.142796136306387,-0.5286867242202804,206.7095644844968,71.34164438807073,30.0,0.0
2024-12-23 22:52:30,174.24243519957798,13.040980609955392,-0.5829178617138311,210.29806959819763,73.75050107740981,30.0,0.0
2024-12-23 23:07:30,174.9194852794434,12.939960518033445,-0.6378791834477306,205.4492114689531,72.0558159327503,30.0,0.0
2024-12-23 23:22:30,175.60948027506353,12.839769518558578,-0.6935664537174677,197.36778125354553,68.5339504096662,30.0,0.0
2024-12-23 23:37:30,176.31261625891548,12.74044227824894,-0.7499739892242364,232.24480663649035,85.31699804834773,30.0,0.0
2024-12-23 23:52:30,177.0290863969565,12.64201449666654,-0.8070945529476982,241.41789714248668,89.49100406659716,30.0,0.0
2024-12-24 00:07:30,177.75908029525291,12.544522888521923,-0.8649192431829992,232.1671008100401,86.73300604809884,30.0,0.0
2024-12-24 00:22:30,178.50278334040388,12.448005223844676,-0.9234373817679876,232.6246008720035,87.6557290010852,30.0,0.0
2024-12-24 00:37:30,179.26037593017625,12.352500300067128,-0.9826363951435244,211.91241065205764,79.53398571521029,30.0,0.0
2024-12-24 00:52:30,180.0320327205783,12.258047967228462,-1.0425016970600254,177.57174656172987,61.01951994600472,30.0,0.0
2024-12-24 01:07:30,180.817921767908,12.164689112386808,-1.103016565591008,159.6302236010148,48.429084119578874,30.0,0.0
2024-12-24 01:22:30,181.61820365609037,12.072465660789364,-1.164162021017239,135.22148564760036,25.33194740864434,30.0,0.0
2024-12-24 01:37:30,182.43303053961856,11.981420559489743,-1.2259167008617915,134.61380868045796,25.441263029000936,30.0,0.0
2024-12-24 01:52:30,183.26254518556792,11.891597775552569,-1.2882567382716152,148.87950505744868,41.31379442953573,30.0,0.0
2024-12-24 02:07:30,184.1068798773896,11.803042259614957,-1.351155635932697,166.40508632151392,57.10799887414123,30.0,0.0
2024-12-24 02:22:30,184.9661553933393,11.715799944655116,-1.4145841501244605,160.79031395367684,53.532493523821245,30.0,0.0
2024-12-24 02:37:30,185.8404797958844,11.629917697385,-1.4785101692988234,161.93785759437247,55.338199044359726,30.0,0.0
2024-12-24 02:52:30,186.72994730269957,11.545443298202958,-1.5428986055455898,158.52051153216524,53.41433059278825,30.0,0.0
2024-12-24 03:07:30,187.6346370239109,11.462425394545615,-1.6077112866668954,148.56994667487885,45.39012372185044,30.0,0.0
2024-12-24 03:22:30,188.5546116983809,11.38091345220827,-1.6729068586537168,146.05118563301295,43.85698624271794,30.0,0.0
2024-12-24 03:37:30,189.48991642843487,11.300957712357633,-1.738440699856428,149.73499521856814,48.3521702039601,30.0,0.0
2024-12-24 03:52:30,190.4405772714612,11.222609113362072,-1.8042648398633152,180.4152551987941,73.30381002417317,30.0,0.0
2024-12-24 04:07:30,191.40660001750737,11.145919246167717,-1.870327904550835,160.49273060278458,59.729235711297804,30.0,0.0
2024-12-24 04:22:30,192.38796865139756,11.070940251527151,-1.9365750588133983,149.0814788401381,50.63152834439825,30.0,0.0
2024-12-24 04:37:30,193.3846442110519,10.997724766682287,-2.0029479910060246,110.11945475468823,1.4725084021748671,30.0,0.0
2024-12-24 04:52:30,194.3965631604416,10.926325802717349,-2.0693848886659376,154.13067085919897,57.28394541684651,30.0,0.0
2024-12-24 05:07:30,195.4236363400776,10.856796674600632,-2.1358204692439857,170.19822681815972,71.25512911667363,30.0,0.0
2024-12-24 05:22:30,196.46574735445336,10.789190867619288,-2.202186001293743,167.10180397750298,69.99637806549941,30.0,0.0
2024-12-24 05:37:30,197.522751598166,10.7235619418003,-2.268409386307055,166.38993792242735,70.51230841900122,30.0,0.0
2024-12-24 05:52:30,198.59447476367467,10.659963392643231,-2.3344152369353837,161.82504821952443,68.00121995794888,30.0,0.0
2024-12-24 06:07:30,199.68071196540515,10.598448529023626,-2.400125015983381,161.60267111853085,68.90775128469596,30.0,0.0
2024-12-24 06:22:30,200.78122644753904,10.539070327633365,-2.4654571800570677,199.7492578421883,94.98228639451753,30.0,0.0
2024-12-24 06:37:30,201.8957488633149,10.481881288005283,-2.5303273819263787,233.11279316660455,111.23894934147404,30.0,0.0
2024-12-24 06:52:30,203.023976254806,10.426933280064496,-2.594648685196839,228.79102711639135,110.65470800841524,30.0,0.0
2024-12-24 07:07:30,204.165571545417,10.37427738011073,-2.6583318336892674,205.81486944259848,101.48465343043478,30.0,0.0
2024-12-24 07:22:30,205.32016286981604,10.323963711848313,-2.721285539950984,224.41869134641877,111.15126976518894,30.0,0.0
2024-12-24 07:37:30,206.48734333876433,10.276041268976613,-2.7834168220428546,288.54900839921265,133.24758461173735,30.0,0.0
2024-12-24 07:52:30,207.66667079158947,10.230557750153642,-2.8446313646033508,296.97456926592866,136.50482077756607,30.0,0.0
2024-12-24 08:07:30,208.85766788822855,10.187559375452958,-2.9048339192634467,287.5433165307876,135.361750782402,30.0,0.0
2024-12-24 08:22:30,210.0598223560449,10.147090715484676,-2.9639287326327586,240.00583496766455,122.00671415170291,30.0,0.0
2024-12-24 08:37:30,211.2725874531789,10.109194510650378,-3.02182000170696,230.26338395708055,119.49394947389726,30.0,0.0
2024-12-24 08:52:30,212.495382738276,10.073911497151652,-3.0784123566859947,289.0939089515665,139.39367045134645,30.0,0.0
2024-12-24 09:07:30,213.7275949703585,10.041280235980206,-3.133611359329293,277.6804478051655,137.62119308602644,30.0,0.0
2024-12-24 09:22:30,214.96857941948272,10.011336938449167,-3.187324023781667,273.2515357310728,137.62863071785847,30.0,0.0
2024-12-24 09:37:30,216.21766121460016,9.984115314580697,-3.239459339434897,250.3998573674571,131.81961091911398,30.0,0.0
2024-12-24 09:52:30,217.47413717281088,9.959646404903438,-3.289928807917435,308.57691717114955,148.98793946943624,30.0,0.0
2024-12-24 10:07:30,218.7372776366327,9.937958449414722,-3.3386469700865296,350.46177285767544,158.43609390478082,30.0,0.0
2024-12-24 10:22:30,220.00632875777148,9.919076736047456,-3.38553193345707,359.72264789768406,161.25756806786308,30.0,0.0
2024-12-24 10:37:30,221.28051479833815,9.90302349420046,-3.4305058785667555,379.0007154781779,165.5200402319042,30.0,0.0
2024-12-24 10:52:30,222.55904081173313,9.88981776782887,-3.473495550900058,308.91329298831386,154.1474177583973,30.0,0.0
2024-12-24 11:07:30,223.84109533518148,9.87947534162093,-3.51443272038289,269.4899265766569,145.42161589660657,30.0,0.0
2024-12-24 11:22:30,225.1258534215698,9.872008623111393,-3.5532546132652683,293.7909336072942,153.19286523640778,30.0,0.0
2024-12-24 11:37:30,226.4124796428887,9.867426607311389,-3.589904300168698,285.10641379884765,152.2883676157512,30.0,0.0
2024-12-24 11:52:30,227.7001311652087,9.865734867691934,-3.6243310396890744,309.7321735967208,159.46937712156432,30.0,0.0
2024-12-24 12:07:30,228.9879611946509,9.866935437831396,-3.656490580409373,294.9392972508421,157.33504836456564,30.0,0.0
2024-12-24 12:22:30,230.27512211529967,9.871026857388722,-3.6863454011335666,295.8977271940094,158.85429723608422,30.0,0.0
2024-12-24 12:37:30,231.56076877345893,9.878004174750542,-3.713864899129843,317.2693011306269,164.95092130075886,30.0,0.0
2024-12-24 12:52:30,232.84406181176328,9.887858981387732,-3.739025521626153,313.82713879858244,165.50361497537688,30.0,0.0
2024-12-24 13:07:30,234.12417080929345,9.900579428673591,-3.76181083531047,341.54302870375363,172.24833678542961,30.0,0.0
2024-12-24 13:22:30,235.40027744097628,9.916150305566486,-3.782211538490417,323.0084138753059,169.97393296117116,30.0,0.0
2024-12-24 13:37:30,236.67157845879203,9.93455311450138,-3.800225413431538,311.69650567037013,168.87081915727333,30.0,0.0
2024-12-24 13:52:30,237.93728857254484,9.955766161917015,-3.815857222335329,320.3591746762403,171.96989501361588,30.0,0.0
2024-12-24 14:07:30,239.1966431118049,9.979764667833448,-3.829118548186182,344.3457349550839,177.82443021409665,30.0,0.0
2024-12-24 14:22:30,240.4489005675622,10.006520888156624,-3.84002758521675,312.2658606163021,172.77176252124605,30.0,0.0
2024-12-24 14:37:30,241.69334483177704,10.036004244311483,-3.8486088813482904,254.65611001834745,158.7059004914131,30.0,0.0
2024-12-24 14:52:30,242.9292873262464,10.068181472591151,-3.854893039047095,238.115305444349,154.17707664140926,30.0,0.0
2024-12-24 15:07:30,244.15606876627075,10.103016771948472,-3.858916377874347,253.13200340385723,160.66895740973337,30.0,0.0
2024-12-24 15:22:30,245.37306082789297,10.140471971122832,-3.8607205657534087,298.25357631981444,174.51637566472755,30.0,0.0
2024-12-24 15:37:30,246.57966739945,10.180506689808054,-3.86035222326594,295.8002292978257,175.13530169950582,30.0,0.0
2024-12-24 15:52:30,247.77532577186247,10.22307851678846,-3.85786250762274,267.32709856232884,168.72138821845033,30.0,0.0
2024-12-24 16:07:30,248.95950737714284,10.268143179174263,-3.853306681570946,242.60239557839117,161.84882693354223,30.0,0.0
2024-12-24 16:22:30,250.13171850611872,10.31565472463878,-3.846743672586061,261.79554921633144,169.40742881004746,30.0,0.0
2024-12-24 16:37:30,251.2915005536561,10.365565693587904,-3.8382356286109593,305.23071786310516,182.05449877338515,30.0,0.0
2024-12-24 16:52:30,252.4384303014444,10.417827299428746,-3.827847473513324,276.81286993473975,176.0934982140617,30.0,0.0
2024-12-24 17:07:30,253.57211970602177,10.472389598997426,-3.8156464697052623,282.56976383564177,178.78258996577154,30.0,0.0
2024-12-24 17:22:30,254.69221579070543,10.52920166522387,-3.8017017882065938,271.81131845924045,176.94247425722233,30.0,0.0
2024-12-24 17:37:30,255.7984000460958,10.588211752259848,-3.786084094797625,258.60909735403754,174.07946605534903,30.0,0.0
2024-12-24 17:52:30,256.89038797605104,10.649367455979853,-3.768865149553609,254.28594583205015,173.78213876891937,30.0,0.0
2024-12-24 18:07:30,257.9679281909054,10.712615870330987,-3.7501174291871258,228.29431818562,165.39768849313805,30.0,0.0
2024-12-24 18:22:30,259.0308016480418,10.777903733488994,-3.729913767265678,262.0639577289009,178.38919057253827,30.0,0.0
2024-12-24 18:37:30,260.0788205625225,10.84517757022024,-3.708327020558676,273.56856897418027,182.82849960889052,30.0,0.0
2024-12-24 18:52:30,261.11182733065834,10.91438382586114,-3.6854297582893816,269.210402754591,182.6109241714812,30.0,0.0
2024-12-24 19:07:30,262.1296933722698,10.98546898954972,-3.661293976405812,263.3494215391411,181.88171092914058,30.0,0.0
2024-12-24 19:22:30,263.1323178393898,11.058379714572036,-3.635990838832969,226.43953514757607,169.8038284379778,30.0,0.0
2024-12-24 19:37:30,264.11962635420974,11.133062925454563,-3.6095904428233103,231.30784316903575,172.75541030971794,30.0,0.0
2024-12-24 19:52:30,265.09156965213515,11.209465920136642,-3.58216161089719,260.50483854246727,183.9673192377379,30.0,0.0
2024-12-24 20:07:30,266.04812223375404,11.287536462553415,-3.55377170693526,258.73802616010505,184.36990867652412,30.0,0.0
2024-12-24 20:22:30,266.9892809906434,11.367222867130495,-3.5244864766477875,267.7750855836251,188.06760046902002,30.0,0.0
2024-12-24 20:37:30,267.91506383223657,11.448474076825493,-3.4943699110923068,268.1467162619961,189.1027626760565,30.0,0.0
2024-12-24 20:52:30,268.8255083339458,11.531239729825426,-3.4634841317691505,347.60503342197467,208.0287484365524,30.0,0.0
2024-12-24 21:07:30,269.7206703844813,11.615470222428671,-3.431889296891322,377.30230656536406,213.70919261626875,30.0,0.0
2024-12-24 21:22:30,270.60062285720437,11.701116766696012,-3.399643527063128,420.4390129382304,220.33587789837713,30.0,0.0
2024-12-24 21:37:30,271.46545434586864,11.788131430551704,-3.3668028478749794,378.05144496490914,215.56496768579836,30.0,0.0
2024-12-24 21:52:30,272.3152678764971,11.876467190120817,-3.3334211509150156,287.07299690517334,198.69894037822667,30.0,0.0
2024-12-24 22:07:30,273.15017973660787,11.966077951889735,-3.299550167427228,258.40538381089107,191.36682273214547,30.0,0.0
2024-12-24 22:22:30,273.97031826822166,12.056918595895114,-3.265239458333982,270.18428772873887,195.75237327321622,30.0,0.0
2024-12-24 22:37:30,274.77582278395425,12.14894498621979,-3.2305364139963375,336.57460289566427,211.9865939643562,30.0,0.0
2024-12-24 22:52:30,275.56684246812125,12.242114003163447,-3.195486267201056,261.73405379774965,194.82358629095006,30.0,0.0
2024-12-24 23:07:30,276.34353538167994,12.3363835447313,-3.1601321139605028,226.62236413439877,183.09033931340446,30.0,0.0
2024-12-24 23:22:30,277.1060674749952,12.431712549374629,-3.124514944414491,241.2791159869624,189.51763418007567,30.0,0.0
2024-12-24 23:37:30,277.8546116902696,12.52806099039973,-3.0886736796663468,242.69333351069844,190.77657188432818,30.0,0.0
2024-12-24 23:52:30,278.5893470836619,12.625389889599033,-3.052645216147906,238.33691691080463,189.91966036454505,30.0,0.0
2024-12-25 00:07:30,279.3104580264834,12.723661305872644,-3.016464474199649,247.40191986644408,193.8896990950666,30.0,0.0
2024-12-25 00:22:30,280.01813343506495,12.822838342257366,-2.980164451901395,251.7444768518218,196.07087063763572,30.0,0.0
2024-12-25 00:37:30,280.7125660654271,12.922885129407511,-2.943776281834597,229.5456829343404,188.64697160105106,30.0,0.0
2024-12-25 00:52:30,281.3939518463832,13.023766826784524,-2.9073292910417416,209.0182666904387,180.2867132748372,30.0,0.0
2024-12-25 01:07:30,282.06248926628405,13.125449602224814,-2.870851062782559,193.67381009164933,172.94469091202723,30.0,0.0
2024-12-25 01:22:30,282.71837879840825,13.227900628722988,-2.8343675000503294,204.35221493186316,179.30252023711182,30.0,0.0
2024-12-25 01:37:30,283.36182237417546,13.33108806154832,-2.797902889825028,214.03376574446384,184.62385136958017,30.0,0.0
2024-12-25 01:52:30,283.9930228962945,13.434981030249292,-2.7614799678332727,200.41153861086303,178.54370644193887,30.0,0.0
2024-12-25 02:07:30,284.6121837888393,13.539549614948475,-2.725119983441346,206.39457461527968,182.21966792220996,30.0,0.0
2024-12-25 02:22:30,285.219508588525,13.6447648338523,-2.688842764018308,210.83588927281903,184.98391858072023,30.0,0.0
2024-12-25 02:37:30,285.8152005684866,13.750598620950056,-2.652666778777055,210.0153953086532,185.18800738094762,30.0,0.0
2024-12-25 02:52:30,286.3994623959006,13.857023807993638,-2.616609201633457,201.57720714810023,181.55993190000254,30.0,0.0
2024-12-25 03:07:30,286.9724958217447,13.964014103609172,-2.580685972866944,212.31494774039743,187.43518118141446,30.0,0.0
2024-12-25 03:22:30,287.5345014012663,14.071544074135524,-2.5449118593427364,213.93407617346745,188.75052021378406,30.0,0.0
2024-12-25 03:37:30,288.0856782376166,14.179589120496376,-2.50930051343247,213.0766964548758,188.90420927507012,30.0,0.0
2024-12-25 03:52:30,288.62622375778204,14.288125459363416,-2.4738645299612805,218.40664673680945,191.8651586902531,30.0,0.0
2024-12-25 04:07:30,289.156333507826,14.397130100514175,-2.438615501613257,249.89665315207887,204.5883351392356,30.0,0.0
2024-12-25 04:22:30,289.67620097095516,14.506580825441908,-2.403564072515818,234.536121752021,199.56957006816492,30.0,0.0
2024-12-25 04:37:30,290.1860174115716,14.616456167365524,-2.368719989648051,237.7086811352254,201.28198725518394,30.0,0.0
2024-12-25 04:52:30,290.68597173143576,14.726735388805531,-2.334092152703882,220.41386807469817,194.80607115766986,30.0,0.0
2024-12-25 05:07:30,291.1762503452696,14.837398459189226,-2.29968866194265,246.48111435726213,205.43637607056303,30.0,0.0
2024-12-25 05:22:30,291.6570370894391,14.94842604103486,-2.2655168631954776,285.2296199881158,217.56494329861277,30.0,0.0
2024-12-25 05:37:30,292.1285131056243,15.0597994572354,-2.231583393105757,294.4128671001604,220.34748001344087,30.0,0.0
2024-12-25 05:52:30,292.59085679284357,15.17150068343322,-2.1978942195043243,307.508347245409,223.86667435881134,30.0,0.0
2024-12-25 06:07:30,293.0442437223021,15.283512319026142,-2.1644546826237354,294.48114006435844,221.2798524561498,30.0,0.0
2024-12-25 06:22:30,293.48884659696574,15.395817571447395,-2.1312695326522815,270.4113154470049,215.33657060530925,30.0,0.0
2024-12-25 06:37:30,293.9248352149806,15.50840023902956,-2.0983429658419217,300.93598620651903,223.6997351115374,30.0,0.0
2024-12-25 06:52:30,294.35237641869566,15.62124468448372,-2.0656786602211565,310.7729349713001,226.35012339742502,30.0,0.0
2024-12-25 07:07:30,294.77163410386345,15.734335827032572,-2.0332798067012656,347.194771696904,233.90303388620168,30.0,0.0
2024-12-25 07:22:30,295.182769176882,15.847659115260631,-2.001149141917365,347.1556678786119,234.30731268434738,30.0,0.0
2024-12-25 07:37:30,295.5859395614118,15.96120051298638,-1.969288977096443,368.2582950751252,238.19888259974846,30.0,0.0
2024-12-25 07:52:30,295.9813002175633,16.074946487809342,-1.9377012249887444,372.694801413208,239.2773706860894,30.0,0.0
2024-12-25 08:07:30,296.36900310252446,16.188883981403045,-1.9063874290822784,369.71030148286354,239.20732902604277,30.0,0.0
2024-12-25 08:22:30,296.74919722628556,16.303000405037555,-1.8753487861703384,364.0970244525189,238.7062626874531,30.0,0.0
2024-12-25 08:37:30,297.12202866421285,16.417283622656704,-1.8445861703168815,355.76161071665626,237.71916135227957,30.0,0.0
2024-12-25 08:52:30,297.48764054045535,16.53172192594324,-1.81410015750144,324.45448296179904,232.35289632867807,30.0,0.0
2024-12-25 09:07:30,297.8461730994113,16.646304030553733,-1.78389104406233,291.0362415048703,225.23233075865403,30.0,0.0
2024-12-25 09:22:30,298.19776372319734,16.761019059188687,-1.7539588672761988,298.89415692821365,227.49293639143775,30.0,0.0
2024-12-25 09:37:30,298.542546930093,16.87585651993166,-1.724303426173574,311.08824785495204,230.60921964498516,30.0,0.0
2024-12-25 09:52:30,298.88065445361195,16.990806302389053,-1.6949242965764946,339.1528033103162,236.56874209490786,30.0,0.0
2024-12-25 10:07:30,299.21221527266704,17.105858663189117,-1.6658208481494867,395.3876616065536,245.76274831102296,30.0,0.0
2024-12-25 10:22:30,299.5373556067964,17.22100420448645,-1.6369922627370523,449.4223440129299,252.51419345740135,30.0,0.0
2024-12-25 10:37:30,299.85619900667433,17.336233871352007,-1.6084375460845506,441.1335966448145,251.94948794041886,30.0,0.0
2024-12-25 10:52:30,300.16886640097795,17.451538940622076,-1.5801555413746609,427.36689663495383,250.71894427906705,30.0,0.0
2024-12-25 11:07:30,300.4754760730354,17.566910997726836,-1.5521449463364714,394.3355204410451,246.88339861461952,30.0,0.0
2024-12-25 11:22:30,300.77614376923356,17.682341936497316,-1.5244043215343666,388.7621100784773,246.41575419367757,30.0,0.0
2024-12-25 11:37:30,301.07098273859503,17.797823947436815,-1.4969321021484476,390.8443897724277,247.0002059560852,30.0,0.0
2024-12-25 11:52:30,301.36010375204387,17.913349503368,-1.4697266103548243,406.1879932045332,249.33183085959604,30.0,0.0
2024-12-25 12:07:30,301.6436151448077,18.028911348595393,-1.4427860656451523,397.35395619840705,248.45864132884572,30.0,0.0
2024-12-25 12:22:30,301.92162289406,18.144502494047025,-1.416108592316621,377.19887756189394,245.89478661957105,30.0,0.0
2024-12-25 12:37:30,302.194230672175,18.2601162086632,-1.389692227874437,337.20930232558135,239.5231844989687,30.0,0.0
2024-12-25 12:52:30,302.4615398220886,18.375746000929656,-1.363534935772357,315.13222426482525,235.3999760439533,30.0,0.0
2024-12-25 13:07:30,302.7236494756596,18.491385619500733,-1.3376346086472104,308.02112047210466,234.1138745235712,30.0,0.0
2024-12-25 13:22:30,302.9806565889546,18.60702904323316,-1.3119890762265365,312.3649662537433,235.32499081587935,30.0,0.0
2024-12-25 13:37:30,303.2326559723473,18.72267047147379,-1.2865961130915,323.270008644183,237.85925543724784,30.0,0.0
2024-12-25 13:52:30,303.47974031494897,18.838304313586345,-1.2614534463469675,324.0801335559265,238.26975806704218,30.0,0.0
2024-12-25 14:07:30,303.72200027228513,18.953925186121772,-1.2365587588198494,322.3554408863257,238.16312619845314,30.0,0.0
2024-12-25 14:22:30,303.95952451139533,19.06952790548936,-1.2119096945237149,327.3622704507512,239.40333809754122,30.0,0.0
2024-12-25 14:37:30,304.19239971765427,19.18510747747819,-1.18750386617356,326.8915935160752,239.54326166925728,30.0,0.0
2024-12-25 14:52:30,304.42071064750866,19.3006590909903,-1.1633388593873215,324.4469949916528,239.28446317933617,30.0,0.0
2024-12-25 15:07:30,304.64454019696416,19.41617811406622,-1.1394122355013905,328.5120870742576,240.31430521445589,30.0,0.0
2024-12-25 15:22:30,304.86396944857773,19.531660087815805,-1.115721535403938,321.86456594323874,239.20511167978532,30.0,0.0
2024-12-25 15:37:30,305.079077671729,19.64710071715042,-1.09226428604861,322.24036397659097,239.49679153200623,30.0,0.0
2024-12-25 15:52:30,305.2899423772952,19.762495865820664,-1.0690380031629223,302.2095649612098,235.3607865651892,30.0,0.0
2024-12-25 16:07:30,305.4966393819189,19.877841552674205,-1.0460401930089,303.9017598500795,235.95686519138235,30.0,0.0
2024-12-25 16:22:30,305.6992428479063,19.993133945977867,-1.0232683554377884,298.4819056403994,234.8967608323237,30.0,0.0
2024-12-25 16:37:30,305.8978253002563,20.108369357105374,-1.000719988150327,295.93713099067554,234.4865100478046,30.0,0.0
2024-12-25 16:52:30,306.09245764726603,20.223544234232637,-0.9783925904863492,307.100068742021,237.27690888282018,30.0,0.0
2024-12-25 17:07:30,306.28320926217003,20.338655159974092,-0.956283662978418,305.8857786232869,237.194479961983,30.0,0.0
2024-12-25 17:22:30,306.4701480059388,20.45369884601696,-0.9343907105034892,315.47131080984525,239.48066581869932,30.0,0.0
2024-12-25 17:37:30,306.6533402850336,20.568672129583945,-0.9127112429165506,313.67064432939463,239.27929640132038,30.0,0.0
2024-12-25 17:52:30,306.83285100110595,20.683571965354982,-0.8912427825620565,308.4479320267891,238.31801409746367,30.0,0.0
2024-12-25 18:07:30,307.0087436733805,20.798395424882276,-0.8699828602738819,300.20576930543155,236.61282888141636,30.0,0.0
2024-12-25 18:22:30,307.18108044701916,20.91313969158786,-0.8489290186390726,301.1790078145807,237.01264503902485,30.0,0.0
2024-12-25 18:37:30,307.3499221401122,21.02780205709567,-0.8280788125455546,307.7373049570807,238.67687075614492,30.0,0.0
2024-12-25 18:52:30,307.5153282431913,21.142379916916177,-0.807429812678196,316.2641587240354,240.69378311034052,30.0,0.0
2024-12-25 19:07:30,307.67735694730953,21.256870766535613,-0.7869796069871297,305.66836199868,238.53948602767377,30.0,0.0
2024-12-25 19:22:30,307.8360652115033,21.371272198695255,-0.7667257993829686,300.0409242381921,237.40147429781769,30.0,0.0
2024-12-25 19:37:30,307.99150877843647,21.485581899856232,-0.7466660117025099,293.3228635340851,235.94373349948876,30.0,0.0
2024-12-25 19:52:30,308.1437422259501,21.599797647121996,-0.7267978831637035,296.98113456551437,236.98346537200337,30.0,0.0
2024-12-25 20:07:30,308.2928189299017,21.71391730463099,-0.7071190755340754,292.157471755251,235.95765108663272,30.0,0.0
2024-12-25 20:22:30,308.4387911376483,21.827938820743448,-0.6876272708929845,299.02651605489666,237.76526012476154,30.0,0.0
2024-12-25 20:37:30,308.58171000162326,21.94186022524904,-0.668320171866405,300.2252662734835,238.1903667999144,30.0,0.0
2024-12-25 20:52:30,308.72162559746425,22.055679626401023,-0.6491955027838874,315.34264424447247,241.70481026405355,30.0,0.0
2024-12-25 21:07:30,308.8585869739645,22.16939520810123,-0.6302510086162866,321.7088722167468,243.1679530462717,30.0,0.0
2024-12-25 21:22:30,308.9926421092339,22.28300522816712,-0.6114844600327023,302.30539875148594,239.0856545285917,30.0,0.0
2024-12-25 21:37:30,309.123837984355,22.39650801490238,-0.592893650564167,359.6265092984431,250.35937204632432,30.0,0.0
2024-12-25 21:52:30,309.25222061208456,22.50990196482532,-0.574476396632308,305.711854387663,240.12418565769633,30.0,0.0
2024-12-25 22:07:30,309.377835052517,22.62318554044844,-0.5562305383800956,304.58127887564547,239.99320368550025,30.0,0.0
2024-12-25 22:22:30,309.5007254498917,22.736357267475103,-0.5381539389843482,293.84382531196616,237.58068515758816,30.0,0.0
2024-12-25 22:37:30,309.62093502609525,22.84941573370556,-0.5202444867857413,295.8884963310944,238.19788202428663,30.0,0.0
2024-12-25 22:52:30,309.7385060903944,22.96235958714174,-0.5025000962753637,292.02550227390475,237.37064920281568,30.0,0.0
2024-12-25 23:07:30,309.8534801047661,23.07518753250581,-0.4849187052561626,291.2412159801219,237.29074311384647,30.0,0.0
2024-12-25 23:22:30,309.9658976874058,23.187898329988325,-0.4674982760958605,299.3583683649456,239.37071148463428,30.0,0.0
2024-12-25 23:37:30,310.07579863303175,23.300490793361345,-0.4502367957681701,299.91191349065866,239.61090942568967,30.0,0.0
2024-12-25 23:52:30,310.18322196268196,23.412963786586772,-0.4331322738603864,300.0223043804451,239.7442597671145,30.0,0.0
2024-12-26 00:07:30,310.2882058419678,23.525316227103684,-0.416182749340495,309.9619156928214,242.1080240643306,30.0,0.0
2024-12-26 00:22:30,310.39078770069244,23.63754707909248,-0.3993862837648205,342.0274100244593,248.60258261335775,30.0,0.0
2024-12-26 00:37:30,310.4910042200724,23.749655353270015,-0.3827409632994328,305.47775704605715,241.30999424920583,30.0,0.0
2024-12-26 00:52:30,310.5888913508675,23.86164010544919,-0.3662448986253482,310.58993905505156,242.54657220692582,30.0,0.0
2024-12-26 01:07:30,310.68448434071854,23.97350043434353,-0.3498962241722,307.46444073455757,241.95048796184574,30.0,0.0
2024-12-26 01:22:30,310.777817741396,24.085235480649295,-0.333693098642401,312.406391605056,243.13112316672846,30.0,0.0
2024-12-26 01:37:30,310.86892538280273,24.196844428544775,-0.3176337077420829,312.40613945415635,243.22217620877632,30.0,0.0
2024-12-26 01:52:30,310.95784045318,24.308326499941177,-0.3017162597191525,313.3297476267978,243.51049491338563,30.0,0.0
2024-12-26 02:07:30,311.0445954917607,24.419680954595073,-0.2859389867418905,309.06234800783454,242.66596609124406,30.0,0.0
2024-12-26 02:22:30,311.129222404291,24.530907088968466,-0.2703001447089996,310.74748445853334,243.1213999342067,30.0,0.0
2024-12-26 02:37:30,311.2117524864318,24.64200423424818,-0.2547980124897436,316.6288821187063,244.4671787928728,30.0,0.0
2024-12-26 02:52:30,311.292216435199,24.752971755307005,-0.2394308919226714,323.7808799360802,246.0219640340897,30.0,0.0
2024-12-26 03:07:30,311.3706443103135,24.863809054203184,-0.2241971111629613,341.2283778285938,249.43775382048182,30.0,0.0
2024-12-26 03:22:30,311.4470656192345,24.97451556282191,-0.2090950196718512,328.94506717545113,247.20150651252425,30.0,0.0
2024-12-26 03:37:30,311.5215093055846,25.08509074384912,-0.1941229896717319,332.59514156246803,247.98101482691834,30.0,0.0
2024-12-26 03:52:30,311.59400376235527,25.195534089869582,-0.179279415900898,324.0685695671648,246.3816945763475,30.0,0.0
2024-12-26 04:07:30,311.66457684447516,25.30584512237317,-0.1645627153880946,318.95961492240633,245.40772560886558,30.0,0.0
2024-12-26 04:22:30,311.7332559120313,25.41602338735887,-0.1499713251422816,342.2712394673538,249.98906791373793,30.0,0.0
2024-12-26 04:37:30,311.80006774565146,25.526068464885455,-0.1355037084069422,336.68358829341423,249.03116397103702,30.0,0.0
2024-12-26 04:52:30,311.8650386494966,25.635979958288555,-0.1211583482754757,322.9406734801905,246.42497026685123,30.0,0.0
2024-12-26 05:07:30,311.92819443881905,25.74575749575001,-0.1069337490442838,327.5414972090048,247.407332391846,30.0,0.0
2024-12-26 05:22:30,311.9895604491565,25.855400729816196,-0.092828436085632,322.05051232175947,246.36861296571624,30.0,0.0
2024-12-26 05:37:30,312.0491615471606,25.964909336585993,-0.0788409555956866,318.48411425007953,245.6933880234394,30.0,0.0
2024-12-26 05:52:30,312.1070221516493,26.07428301341747,-0.0649698736289139,316.44044421862526,245.3227025673914,30.0,0.0
2024-12-26 06:07:30,312.16316623189323,26.183521479917864,-0.051213776653392,305.5537006121313,242.99935079210672,30.0,0.0
2024-12-26 06:22:30,312.21761728187397,26.292624481663964,-0.0375712736961553,303.9615381859609,242.69151907154026,30.0,0.0
2024-12-26 06:37:30,312.2703983885456,26.40159178185577,-0.0240409921447509,318.7023768537706,245.96006846660168,30.0,0.0
2024-12-26 06:52:30,312.3215322198541,26.51042316354889,-0.0106215789303254,319.8092800582034,246.24071132486597,30.0,0.0
2024-12-26 07:07:30,312.37104103407535,26.61911842898659,0.0026882997335942,298.3454915130925,241.53618561560893,30.0,0.0
2024-12-26 07:22:30,312.41894668859436,26.727677398832377,0.0158899585928975,299.31381699157384,241.81325274337917,30.0,0.0
2024-12-26 07:37:30,312.4652706637584,26.83609990946984,0.0289846946274172,291.3727808344647,239.9352982498716,30.0,0.0
2024-12-26 07:52:30,312.5100340413755,26.944385816928808,0.0419737852814797,298.3527232888147,241.67689558993402,30.0,0.0
2024-12-26 08:07:30,312.5532575065147,27.052534997025266,0.054858488274744,319.7936898722254,246.46921512117217,30.0,0.0
2024-12-26 08:22:30,312.5949613938643,27.160547339266817,0.0676400444400379,325.32903676670423,247.63531326003965,30.0,0.0
2024-12-26 08:37:30,312.6351656792568,27.268422748786985,0.0803196768647063,325.8309893921777,247.77558987431473,30.0,0.0
2024-12-26 08:52:30,312.6738899871266,27.37616114568494,0.0928985911306972,318.35229258065766,246.2906402081827,30.0,0.0
2024-12-26 09:07:30,312.7111535983809,27.483762464651686,0.1053779755801521,316.77309133900206,245.9969650075799,30.0,0.0
2024-12-26 09:22:30,312.7469754681585,27.591226652684135,0.1177590022706282,317.6266540212936,246.21206887727635,30.0,0.0
2024-12-26 09:37:30,312.78137421983445,27.69855367075567,0.1300428263292004,319.43511559473313,246.62315076736672,30.0,0.0
2024-12-26 09:52:30,312.81436812251303,27.8057434984834,0.1422305842110409,317.8980471328182,246.3362631241149,30.0,0.0
2024-12-26 10:07:30,312.8459751496276,27.912796124830596,0.1543233974297062,321.4384544928967,247.1000774180659,30.0,0.0
2024-12-26 10:22:30,312.87621296578726,28.019711550905228,0.1663223714680244,318.04946228209803,246.42975647929018,30.0,0.0
2024-12-26 10:37:30,312.9050989336438,28.126489789666365,0.1782285960340613,322.1361153154089,247.30158926385934,30.0,0.0
2024-12-26 10:52:30,312.9326501201649,28.233130865519392,0.1900431452972481,329.27359552742945,248.75119116585665,30.0,0.0
2024-12-26 11:07:30,312.95888330264074,28.33963481380696,0.2017670781061369,321.45404467887465,247.21617417856396,30.0,0.0
2024-12-26 11:22:30,312.98381499999584,28.446001675702696,0.2134014399259486,252.33916993438675,229.234392500206,30.0,0.0
2024-12-26 11:37:30,313.0074614035438,28.552231512425735,0.2249472580003891,262.0203581845228,232.35243176192137,30.0,0.0
2024-12-26 11:52:30,313.02983845008026,28.65832439159915,0.2364055461138123,258.97814186434755,231.4273541479464,30.0,0.0
2024-12-26 12:07:30,313.0509618134241,28.76428038979642,0.2477773038803484,239.38340814457305,224.7689045067707,30.0,0.0
2024-12-26 12:22:30,313.0708469068742,28.87009959286069,0.2590635167382489,252.90600613425477,229.5091313149453,30.0,0.0
2024-12-26 12:37:30,313.0895088881172,28.97578209545519,0.2702651561556016,271.12502679563215,235.14296147473146,30.0,0.0
2024-12-26 12:52:30,313.106962664727,29.081328000880283,0.2813831798583017,271.0602942889311,235.14180066444283,30.0,0.0
2024-12-26 13:07:30,313.1232229039044,29.186737419767383,0.2924185323538862,250.62782978115277,228.80194152611523,30.0,0.0
2024-12-26 13:22:30,313.13830404477557,29.29201046805754,0.3033721456331325,248.98862445160535,228.26189733090666,30.0,0.0
2024-12-26 13:37:30,313.152220249102,29.397147278594822,0.3142449357358166,252.4323938080978,229.43372660701039,30.0,0.0
2024-12-26 13:52:30,313.16498546990846,29.502147986961297,0.3250378072534421,279.46577629382307,237.54477881583057,30.0,0.0
2024-12-26 14:07:30,313.1766134342117,29.607012735830743,0.3357516520537831,284.1363056073848,238.79942425064132,30.0,0.0
2024-12-26 14:22:30,313.1871176477309,29.711741674831384,0.3463873494939912,276.20742742443633,236.67483862198765,30.0,0.0
2024-12-26 14:37:30,313.19651139934393,29.816334960293645,0.3569457666172676,267.64762977054784,234.23724778023927,30.0,0.0
2024-12-26 14:52:30,313.20480776510004,29.92079275488768,0.367427758331569,261.3110047225272,232.33083240948292,30.0,0.0
2024-12-26 15:07:30,313.21201961738814,30.025115226428568,0.3778341679158429,264.1224958263773,233.19891929452388,30.0,0.0
2024-12-26 15:22:30,313.21815963454026,30.129302546278133,0.3881658275946364,260.33486231097135,232.0409420752668,30.0,0.0
2024-12-26 15:37:30,313.2232402569241,30.2333549005228,0.3984235554910417,255.00559184401183,230.34952912274423,30.0,0.0
2024-12-26 15:52:30,313.2272737482993,30.33727247605107,0.4086081596708854,256.44877384637823,230.819939764551,30.0,0.0
2024-12-26 16:07:30,313.2302721799446,30.441055465117586,0.4187204369969064,265.356824480931,233.58935924160073,30.0,0.0
2024-12-26 16:22:30,313.23224743430274,30.54470406501365,0.4287611732954147,269.9645039467073,234.95062356476967,30.0,0.0
2024-12-26 16:37:30,313.2332112087787,30.648218477995417,0.4387311435417842,286.3977178793134,239.44330843802175,30.0,0.0
