encounter,streakline,start_longitude_deg,end_longitude_deg
1,1,282.4609274580181,338.575741213535
1,2,279.2390600653739,337.3940851618723
1,3,270.392263799047,333.9088831559254
2,1,291.90592047892164,358.9776562779632
2,2,285.8736714564345,357.03619981651053
3,1,50.431404571665496,129.67794700575422
3,2,23.401281539908666,98.44588833480596
4,1,27.694860933130656,107.97785454875246
4,2,24.482217599712214,104.83774905596695
4,3,18.457057437116134,100.89095641454021
4,4,6.806878819999895,66.44803614889354
4,5,0.7816802011502091,64.58130147662202
4,6,354.75646011851194,61.32251151346298
6,1,236.6759987834746,291.73662221640495
6,2,230.63484496934893,284.07234496934893
6,3,224.59378700294633,280.6350756219615
6,4,218.55282213205726,265.0009591396127
6,5,212.51194758549343,262.6033954280607
6,6,206.47116062282169,261.0707745763385
6,7,200.43045858280652,256.9480981763251
6,8,194.38983892997658,252.0203174012291
6,9,188.34929929390512,247.07341545500688
6,10,182.30883750176804,240.84327026178326
6,11,173.45595160193966,236.2809131007164
6,12,167.4156398785783,233.40497792367873
6,13,161.375400857685,229.28639951086754
6,14,155.3352333047934,220.16160461739608
6,15,149.29513621797054,218.24892349807976
6,16,143.2551088147634,211.41528299495195
6,17,137.2151505170205,210.6543206956626
6,18,131.17526093397072,208.66849146679942
6,19,125.13543984505014,200.37894124533483
7,1,54.65059365553418,134.21592940619803
7,2,48.625063800280884,129.1503870220079
7,3,42.599548547098834,119.91174970556996
7,4,36.57404647081955,99.88060701439184
7,5,30.548556247896897,96.74932866144607
7,6,24.52307664932215,90.00215598799846
7,7,18.49760653505922,86.26326787012903
7,8,12.472144849117342,79.54127890015255
7,9,3.6341906161041493,77.33796994281124
7,10,357.6087429380506,75.66417849679944
7,11,354.39580099424444,74.73875046551434
8,1,65.07874286441353,144.516535414661
8,2,56.21643803295183,132.58637363491619
8,3,50.166502953405484,130.16898811252682
8,4,49.741437654351046,129.12291570518835
8,5,43.69124211725665,125.41605828316564
8,6,37.64091628470146,122.83427110049783
8,7,25.965460066436037,100.46800762140082
8,8,19.914873345516583,91.77823036879535
8,9,13.864155983884928,90.21156794880248
8,10,7.813307828007908,85.62414252431684
8,11,1.7623287136685235,79.80201446216257
8,12,355.7112184725765,74.85655905563547
9,1,58.90582199283949,128.4394908077454
9,2,52.858608834969345,125.34058638510407
9,3,49.6240136867429,111.90344099872954
9,4,43.577037941366484,104.82528709153233
9,5,37.530182867179064,98.18751703351506
9,6,28.670949602673318,95.05295552034573
9,7,22.62433915307946,91.15702136777078
9,8,16.577852390363148,86.32773204432517
9,9,10.531490055147287,85.85784129210883
9,10,4.485252760216895,84.55956775202178
9,11,1.2516409942433029,80.55752899329703
10,1,321.7681794602272,356.783051959336
10,2,315.73582445191846,352.3812833726194
10,3,309.70352695575593,346.3528543950105
10,4,303.6712882925799,345.0335706113044
10,5,297.6391097464938,342.9714045675288
10,6,291.60699256041016,339.87571566507916
10,7,282.76243793198466,339.0874394608417
10,8,276.73044700892615,337.8293747758307
10,9,32.69059913166893,113.5298643255896
10,10,29.473443721422484,109.69431495912303
10,11,29.068830187299,108.41121506325331
10,12,23.039259286812694,106.37036742496565
10,13,14.19723185451437,56.354054448681254
10,14,8.167748794021747,45.47971666629824
10,15,2.1383110698494647,42.79023938757184
10,16,356.1089197018926,41.10887125369783
11,1,116.26255950256666,178.4429929986605
11,2,113.04763171804512,160.9961555021324
11,3,107.02013613333719,157.21655075697439
11,4,100.99256999440274,149.21974055720028
11,5,94.96493037109644,143.2535312952665
11,6,88.93721418015821,132.01363033101154
11,7,82.90941821190091,125.39571192222323
11,8,76.88153916155449,123.365758378503
11,9,70.85357366133212,121.4785736613321
11,10,62.013018314362796,119.55930562908925
11,11,58.79736972792949,113.99341894098337
11,12,52.76912454503071,101.9640382146334
11,13,46.74077947333484,96.9361704008495
11,14,40.71233130947297,88.38038255735036
11,15,34.683776960605314,84.65279844505288
11,16,25.842613459576853,82.5021769643523
11,17,19.81383797633464,81.0573250226396
11,18,13.784947824649237,79.50001650913369
11,19,7.755940465249637,76.86543284186487
11,20,1.7268135048283284,69.43471993050682
11,21,355.6975646941036,51.56780373327838
12,1,194.11499106365306,264.5172229742493
12,2,188.0579085048688,261.62778625991604
12,3,182.00076851118774,259.70393329869955
12,4,178.75607327556122,256.39540141420883
12,5,172.69882519704402,229.1947588558611
12,6,166.6415268911179,227.2025635992767
12,7,160.5841811942804,206.90079300000062
12,8,154.52679116334605,202.17339375360112
12,9,148.46936006499465,199.58408192959004
12,10,145.2243913572513,185.78727685787214
12,11,139.16688866119574,177.78669879484505
12,12,130.29685572396033,173.24783791808852
12,13,124.23929637463033,170.53121760706262
12,14,118.18171447394815,166.83978708201215
12,15,112.1241138632293,161.76408143968993
12,16,106.06649831214372,153.6534177064961
12,17,100.00887147063781,150.63387147063784
12,18,93.95123682689763,149.4993947188256
12,19,87.89359767333076,146.7545911996294
12,20,81.83595708100722,137.9381738002422
12,21,75.77831788529289,126.12667392138256
12,22,69.72068267873152,123.77527999634442
12,23,63.66305381300066,122.5367163265617
12,24,57.60543340699547,120.94494850030162
13,1,270.29202982966274,333.43562962491626
13,2,264.2452468200338,331.94577000193544
13,3,258.19858453993083,329.9011678709168
13,4,252.15204172489132,328.75779774751146
13,5,246.10561703402595,328.08294934706385
13,6,245.6843090543764,326.367041468648
13,7,239.6381163052913,325.15926846919837
13,8,230.77953724611928,289.8420372461194
13,9,224.7335702831524,287.10895296181764
13,10,218.68771377879602,276.8107707963693
13,11,215.45446606189137,246.56194921480682
13,12,209.40882543899045,240.81873761268557
13,13,203.36329020610924,238.934218655286
13,14,194.50535866317546,237.15119313014802
13,15,188.46002912752817,233.60405500431966
13,16,182.41479994921053,225.32211892485643
13,17,176.369669526625,218.7704477179411
13,18,170.32463632283282,215.68784750684478
13,19,164.279698882331,211.1508408051681
13,20,158.23485584714012,209.06699061977227
13,21,149.37760597478632,208.38107314805904
13,22,143.33294815439666,207.72062246416309
13,23,137.28838142343744,206.93518783606658
13,24,131.24390498386924,205.3800977387304
13,25,125.19951821734202,195.65334188453457
14,1,295.14291512911257,354.2579263508995
14,2,291.92523399339973,332.4751171872949
14,3,285.8951149848343,329.0078037037849
14,4,279.8650594051013,324.48795387168076
14,5,273.8350684942794,321.18650058199773
14,6,264.99264342696165,318.7070447676988
14,7,258.9627853096338,316.7235380408169
14,8,252.9329951786899,315.4625545981441
14,9,246.90327399859507,314.5050011734471
14,10,238.06112266032187,312.89822336019927
14,11,232.03154197894526,311.1680048432615
14,12,226.0020326917304,307.6813741201465
14,13,222.78509545439545,302.45682717300394
14,14,213.94323083688016,290.8920387169843
14,15,207.913939317732,288.40155854602176
14,16,204.6972212777198,284.4766115681787
14,17,198.66807699076332,272.4946876631353
14,18,353.7137698268691,47.27187533615562
15,1,276.633115420252,345.7271259944807
15,2,273.4171478669591,344.02673102703056
15,3,68.38370962477535,126.38891091805822
15,4,65.16381497186217,122.15763423852877
15,5,56.3187907772687,115.27371173132875
15,6,50.2861341870821,111.47864372946904
15,7,44.25334222465983,107.01044745177731
15,8,38.22041182859601,104.63269605285015
15,9,34.99983989555744,75.18274107365566
15,10,28.966623322802207,71.54009591653603
15,11,22.933259050455604,68.30966327504802
15,12,16.899744100792134,66.51618163398138
15,13,10.86607561290515,65.2188855706343
15,14,4.832250870603048,45.12777914891159
15,15,358.7982673252351,41.36950377368739
16,1,141.76788767528416,191.0966701585795
16,2,135.7104318858984,189.84867294389275
16,3,129.65299313720692,188.54776294851064
16,4,123.59557426886596,185.95585728976656
16,5,117.53817829587695,183.1646474493141
16,6,108.66830839581178,179.9474257293235
16,7,105.42346788655328,175.06830727532937
16,8,99.36616019714256,161.53334951379955
16,9,93.30888883190329,152.37320942301497
16,10,87.25165732860245,148.50296567681025
16,11,81.19446921273561,138.23478075421136
16,12,75.13732795174906,136.04811105968116
16,13,69.08023690900711,122.0585798031047
16,14,63.023199302185276,119.61903953933137
16,15,56.96621816706761,114.86030787784065
16,16,50.90929632848787,107.48314635457855
16,17,44.852436379684605,103.31595779611794
16,18,38.79564066891021,101.01226048504981
16,19,32.73891129549929,95.9589248153631
16,20,26.682250111453186,92.66561011401892
16,21,17.813158729138365,88.78505093128348
16,22,11.756638533189175,84.3748966260358
16,23,5.700190695340552,82.18875063706881
16,24,359.6438161900233,79.78299937662621
17,1,212.48825431076114,261.68416769015096
17,2,206.44644713195737,255.74463371384388
17,3,200.40473805663214,253.90267319388488
17,4,194.36312523961942,249.40944769209102
17,5,188.32160682107803,244.9023814363013
17,6,182.28018093434173,231.7522951770156
17,7,176.23884571390806,226.93188796685928
17,8,170.19759930395105,223.06859991220864
17,9,164.15643986716225,219.04018474886692
17,10,158.1153655934612,213.8602772768701
17,11,152.07437471090077,208.82313672750857
17,12,146.0334654955027,203.04722784142277
17,13,139.99263628282677,190.14788599680568
17,14,133.95188547992797,185.87656876470697
17,15,127.91121157831122,181.69669130414547
17,16,121.87061316759872,179.2750145814762
17,17,115.83008894970305,159.65143719204545
17,18,109.78963775486733,157.62669365415573
17,19,103.74925855751133,156.42236240066126
17,20,94.89645049311588,155.3671973618299
17,21,88.85621287572349,154.28359966209769
17,22,82.81604521514714,151.08915933419954
17,23,76.77594723243908,146.50738367967142
17,24,70.73591887496173,142.5166956560026
17,25,64.69596032604511,140.63346032604517
17,26,58.656072010695596,117.43124727936083
17,27,55.42875459477949,112.29396683966958
17,28,46.5765089763118,110.72525696341864
17,29,40.53683626882548,109.29012136072193
17,30,34.497237775410554,106.48556782926538
18,1,289.5087950234896,359.8639159460415
18,2,283.4807501063873,354.84062635864944
18,3,277.45276091509686,349.1354417758322
18,4,271.4248287306697,341.01440489852007
18,5,262.5844547625561,336.06380887480924
18,6,256.5566401397631,333.2200734307247
18,7,250.5288859040959,331.4010897783922
18,8,247.3136930050606,299.91019352814226
18,9,241.28606229682532,297.8928856453347
18,10,235.25849453560716,295.8262799125867
18,11,229.2309903800308,284.26061144876786
18,12,223.20355039070296,277.1631180374235
18,13,217.1761750310942,272.5848696568542
18,14,211.14886466855637,268.9368505667469
18,15,205.12161957506203,265.3314550490379
18,16,199.09443992706292,261.0163662569466
18,17,193.06732580582445,257.06832435482715
18,18,187.0402771955712,255.06827070961512
18,19,181.0132939809473,249.4710256636352
19,1,113.62340508868158,170.07169346289976
19,2,107.58628274589552,157.27413627732759
19,3,101.54901261689264,154.21892775429438
19,4,95.51159480869308,150.92052664679466
19,5,86.6615293132408,147.53825828554542
19,6,80.62381599090253,143.75820425968078
19,7,74.5859545549298,140.98685321942145
19,8,71.3604445533249,122.10852654756802
19,9,65.32228535184134,114.46547728968106
19,10,59.283976117950374,108.41349350673708
19,11,53.245515807623065,104.99005316844354
19,12,47.20690315641093,100.65374417899659
19,13,41.168136676005815,96.00470260573111
19,14,35.129214659797185,92.78843243003067
19,15,26.27763519555367,89.4192935713432
19,16,20.23839618840327,87.38458665474347
19,17,14.19899539234774,85.57649897495409
19,18,8.159430449965441,77.05406918164255
19,19,4.932198937571741,50.146123916494744
19,20,358.89229841540487,44.32987995750174
20,1,251.18967143132954,298.2928711656202
20,2,245.13262197146673,294.2712236013601
20,3,239.0755242060543,289.42860982499207
20,4,233.01837911472217,284.27457588757653
20,5,226.9611877899863,280.1483686876788
20,6,220.90395143157446,277.4286620429725
20,7,214.84667134111328,275.4863416736923
20,8,208.7893489175001,273.77607535461283
20,9,202.73198565252926,263.1900468999201
20,10,196.67458312911708,260.8660757784325
20,11,190.61714301913253,254.47702594677767
20,12,181.74716708307085,252.10653687789048
20,13,175.68965717090043,250.0371527520211
20,14,169.63211522380357,248.58886117324244
20,15,166.3870432771057,246.18085564407198
20,16,157.5169434630452,234.76208827583355
20,17,151.45931801564177,231.65027461596486
20,18,145.40166927395933,222.5189913437606
20,19,139.34399968582932,210.4487562028674
20,20,136.09881181065884,189.01557847919725
20,21,130.04110832083546,185.4385566558289
20,22,123.98339200159444,183.42433293314744
20,23,115.11316574739675,182.67186420420222
20,24,111.86793255730208,180.2598771495109
20,25,102.99769552536031,176.73263489691203
20,26,96.93995782834611,174.68161563283925
20,27,93.69472270982214,173.51930553458723
20,28,90.44949346072116,172.08205842827712
20,29,78.76677339621142,157.86902454994745
21,1,282.12196420517,359.2101301943774
21,2,276.0822302049295,350.67323032086597
21,3,270.0425979179819,343.90896412205933
21,4,264.0030662808566,336.3840423245521
21,5,257.963634116433,332.4599508911431
21,6,251.92430014654974,328.8998547041097
21,7,245.88506300324093,323.6233267948674
21,8,239.84592123920208,310.99551205876435
21,9,233.80687333647597,295.45274128730597
21,10,227.7679177157206,293.4926865082944
21,11,10.412861356852943,74.14756151661712
21,12,4.376252803318778,67.9715269026962
21,13,358.3396996976425,61.128497963543964
22,1,253.04963776670218,303.8806983305966
22,2,247.0206546314812,299.8904954836306
22,3,240.99173981866306,297.6991912765972
22,4,234.96289428079683,296.0054592290878
22,5,228.93411881150337,293.7188425109575
22,6,225.71791405107479,273.6849968003282
22,7,216.87678049452074,270.89057644501327
22,8,213.66071849979835,264.5273544415022
22,9,207.63222829633582,255.64214250233232
22,10,201.60380999222264,248.8148236087774
22,11,195.57546358199863,238.69787635586638
22,12,189.5471889518377,233.79910448899102
22,13,183.51898588439656,224.79203107505674
22,14,177.4908540620862,223.15424592415513
22,15,171.4627930691271,219.17000647626259
22,16,165.4348023925595,213.6880335220726
22,17,156.59438142132683,211.40945876949718
22,18,150.56652944591372,208.9246616313614
22,19,144.53874565558243,206.84783827643267
22,20,138.51102913607872,205.17167528908513
22,21,129.67087886649801,203.13337360559186
22,22,123.64329371684556,200.50602273953635
22,23,117.61577244584822,195.45058703548355
22,24,114.40081369914662,176.73251980571808
22,25,105.56091601035956,174.85108546884743
22,26,99.53357780265543,173.65731546490963
22,27,93.5062973928874,172.63649140015661
22,28,90.29157299858156,170.7643918489534
22,29,87.0769027473491,168.7706191540254
22,30,81.04978468871712,160.9864320857575
22,31,72.21021681013059,152.37230068482938
22,32,63.370697054110565,142.19991564604902
23,1,291.6235954390962,0.19832791371226222
23,2,285.5940190476325,357.07210409829355
23,3,279.5643129973697,354.0172301203165
23,4,273.53447659942697,337.5532004425178
23,5,83.323089177589,136.76254269089165
23,6,77.28893221503415,130.3048580604474
23,7,68.44214040060484,127.89864418167193
23,8,62.40771269585849,126.64667173550019
23,9,56.37314791683082,125.20858162209763
23,10,50.33844471878939,119.47277473503786
23,11,49.92860158189734,82.27998678862933
23,12,43.893616798207404,75.61508116188736
23,13,35.045988464174116,72.40052644878058
23,14,29.010714477007014,65.83045549660096
23,15,22.975292539122222,62.21883319347162
23,16,16.939720170905957,59.36213672336059
23,17,10.90399473281019,58.78304686678504
23,18,4.868113456070091,56.87905594087393
23,19,356.0195734828965,54.88758880300255
