encounter,streakline,start_longitude_deg,end_longitude_deg,start_radius_Rs,end_radius_Rs
1,1,282.4609274580181,338.575741213535,239.93784184649203,30.0
1,2,279.2390600653739,337.3940851618723,235.96414665635618,30.0
1,3,270.392263799047,333.9088831559254,236.72183991711412,30.0
2,1,291.90592047892164,358.9776562779632,234.87476402193784,30.0
2,2,285.8736714564345,357.03619981651053,234.42940115379426,30.0
3,1,50.431404571665496,129.67794700575422,229.61602708879076,30.0
3,2,23.401281539908666,98.44588833480596,238.68356648855706,30.0
4,1,27.694860933130656,107.97785454875246,222.19038513183511,30.0
4,2,24.482217599712214,104.83774905596695,215.2871118266138,30.0
4,3,18.457057437116134,100.89095641454021,215.30230417377487,30.0
4,4,6.806878819999895,66.44803614889354,235.01312878720742,30.0
4,5,0.7816802011502091,64.58130147662202,234.26489363026076,30.0
4,6,354.75646011851194,61.32251151346298,234.18631364338268,30.0
6,1,236.6759987834746,291.73662221640495,232.71440868071124,30.0
6,2,230.63484496934893,284.07234496934893,232.2943719555183,30.0
6,3,224.59378700294633,280.6350756219615,232.38455122748226,30.0
6,4,218.55282213205726,265.0009591396127,235.26694822803287,30.0
6,5,212.51194758549343,262.6033954280607,233.14370087209593,30.0
6,6,206.47116062282169,261.0707745763385,231.27454219690387,30.0
6,7,200.43045858280652,256.9480981763251,231.49221458742966,30.0
6,8,194.38983892997658,252.0203174012291,231.29220777956044,30.0
6,9,188.34929929390512,247.07341545500688,230.8142149468282,30.0
6,10,182.30883750176804,240.84327026178326,230.74909736297204,30.0
6,11,173.45595160193966,236.2809131007164,239.28093053577743,30.0
6,12,167.4156398785783,233.40497792367873,238.7895101946708,30.0
6,13,161.375400857685,229.28639951086754,239.1834517937035,30.0
6,14,155.3352333047934,220.16160461739608,235.7660062851237,30.0
6,15,149.29513621797054,218.24892349807976,238.70693619812806,30.0
6,16,143.2551088147634,211.41528299495195,235.7299289799105,30.0
6,17,137.2151505170205,210.6543206956626,233.83432387585333,30.0
6,18,131.17526093397072,208.66849146679942,235.04140233535483,30.0
6,19,125.13543984505014,200.37894124533483,235.16493412137052,30.0
7,1,54.65059365553418,134.21592940619803,229.6772991045931,30.0
7,2,48.625063800280884,129.1503870220079,229.75138504965082,30.0
7,3,42.599548547098834,119.91174970556996,232.11969716776872,30.0
7,4,36.57404647081955,99.88060701439184,234.20957171202915,30.0
7,5,30.548556247896897,96.74932866144607,234.28566559393127,30.0
7,6,24.52307664932215,90.00215598799846,233.64591968313505,30.0
7,7,18.49760653505922,86.26326787012903,233.8354496234069,30.0
7,8,12.472144849117342,79.54127890015255,232.90966677074738,30.0
7,9,3.6341906161041493,77.33796994281124,238.85617923883322,30.0
7,10,357.6087429380506,75.66417849679944,235.64408022591584,30.0
7,11,354.39580099424444,74.73875046551434,228.06901127411857,30.0
8,1,65.07874286441353,144.516535414661,227.76766351095097,30.0
8,2,56.21643803295183,132.58637363491619,235.89495803936876,30.0
8,3,50.166502953405484,130.16898811252682,233.12340083398433,30.0
8,4,49.741437654351046,129.12291570518835,216.77892446210672,30.0
8,5,43.69124211725665,125.41605828316564,210.74619382584046,30.0
8,6,37.64091628470146,122.83427110049783,220.58490327976205,30.0
8,7,25.965460066436037,100.46800762140082,236.94556990695125,30.0
8,8,19.914873345516583,91.77823036879535,237.32808469994163,30.0
8,9,13.864155983884928,90.21156794880248,235.75401158480184,30.0
8,10,7.813307828007908,85.62414252431684,236.56805308309123,30.0
8,11,1.7623287136685235,79.80201446216257,236.2439290425614,30.0
8,12,355.7112184725765,74.85655905563547,236.5824395150623,30.0
9,1,58.90582199283949,128.4394908077454,238.49135319959188,30.0
9,2,52.858608834969345,125.34058638510407,238.2629149677231,30.0
9,3,49.6240136867429,111.90344099872954,231.21903601758285,30.0
9,4,43.577037941366484,104.82528709153233,231.83589128819793,30.0
9,5,37.530182867179064,98.18751703351506,231.57817030440216,30.0
9,6,28.670949602673318,95.05295552034573,239.78911192744937,30.0
9,7,22.62433915307946,91.15702136777078,239.75321630058377,30.0
9,8,16.577852390363148,86.32773204432517,235.08850858273073,30.0
9,9,10.531490055147287,85.85784129210883,234.13229064103996,30.0
9,10,4.485252760216895,84.55956775202178,234.84306276235625,30.0
9,11,1.2516409942433029,80.55752899329703,228.6413828750295,30.0
10,1,321.7681794602272,356.783051959336,238.4547044179837,30.0
10,2,315.73582445191846,352.3812833726194,238.33455744785377,30.0
10,3,309.70352695575593,346.3528543950105,236.80394967810264,30.0
10,4,303.6712882925799,345.0335706113044,233.07720904167823,30.0
10,5,297.6391097464938,342.9714045675288,232.4327171082707,30.0
10,6,291.60699256041016,339.87571566507916,229.08103623422133,30.0
10,7,282.76243793198466,339.0874394608417,234.8192196074795,30.0
10,8,276.73044700892615,337.8293747758307,234.8743628191218,30.0
10,9,32.69059913166893,113.5298643255896,237.12604649676672,30.0
10,10,29.473443721422484,109.69431495912303,229.00430001489266,30.0
10,11,29.068830187299,108.41121506325331,215.0568210618548,30.0
10,12,23.039259286812694,106.37036742496565,214.87923978288524,30.0
10,13,14.19723185451437,56.354054448681254,233.04908588436075,30.0
10,14,8.167748794021747,45.47971666629824,235.55833026355234,30.0
10,15,2.1383110698494647,42.79023938757184,233.0229800337904,30.0
10,16,356.1089197018926,41.10887125369783,230.8034334148647,30.0
11,1,116.26255950256666,178.4429929986605,238.4214062427839,30.0
11,2,113.04763171804512,160.9961555021324,230.63995577661092,30.0
11,3,107.02013613333719,157.21655075697439,231.31208843279154,30.0
11,4,100.99256999440274,149.21974055720028,230.17007348449263,30.0
11,5,94.96493037109644,143.2535312952665,232.05323106755122,30.0
11,6,88.93721418015821,132.01363033101154,234.27108804531986,30.0
11,7,82.90941821190091,125.39571192222323,233.63759631802893,30.0
11,8,76.88153916155449,123.365758378503,231.2430822718468,30.0
11,9,70.85357366133212,121.4785736613321,229.62748032018663,30.0
11,10,62.013018314362796,119.55930562908925,239.72934931186063,30.0
11,11,58.79736972792949,113.99341894098337,229.4631769216507,30.0
11,12,52.76912454503071,101.9640382146334,230.50386932613796,30.0
11,13,46.74077947333484,96.9361704008495,231.41622115704735,30.0
11,14,40.71233130947297,88.38038255735036,231.73160379867394,30.0
11,15,34.683776960605314,84.65279844505288,230.1970037855291,30.0
11,16,25.842613459576853,82.5021769643523,239.0485801641632,30.0
11,17,19.81383797633464,81.0573250226396,236.7881582304113,30.0
11,18,13.784947824649237,79.50001650913369,235.31175229732065,30.0
11,19,7.755940465249637,76.86543284186487,235.54543412002178,30.0
11,20,1.7268135048283284,69.43471993050682,235.42227664818952,30.0
11,21,355.6975646941036,51.56780373327838,239.3038012844118,30.0
12,1,194.11499106365306,264.5172229742493,239.29092242663398,30.0
12,2,188.0579085048688,261.62778625991604,237.96270479420724,30.0
12,3,182.00076851118774,259.70393329869955,236.43786229299673,30.0
12,4,178.75607327556122,256.39540141420883,231.96767730268905,30.0
12,5,172.69882519704402,229.1947588558611,233.05252695405193,30.0
12,6,166.6415268911179,227.2025635992767,233.73347929204854,30.0
12,7,160.5841811942804,206.90079300000062,238.33187242331778,30.0
12,8,154.52679116334605,202.17339375360112,236.84012271587702,30.0
12,9,148.46936006499465,199.58408192959004,235.81087919627205,30.0
12,10,145.2243913572513,185.78727685787214,225.8239438771254,30.0
12,11,139.16688866119574,177.78669879484505,226.26969723399702,30.0
12,12,130.29685572396033,173.24783791808852,239.2866055988328,30.0
12,13,124.23929637463033,170.53121760706262,237.94556074759544,30.0
12,14,118.18171447394815,166.83978708201215,236.81225185966923,30.0
12,15,112.1241138632293,161.76408143968993,236.93702392149245,30.0
12,16,106.06649831214372,153.6534177064961,237.56644164027892,30.0
12,17,100.00887147063781,150.63387147063784,234.85439963407472,30.0
12,18,93.95123682689763,149.4993947188256,234.00225962849137,30.0
12,19,87.89359767333076,146.7545911996294,233.5518466802296,30.0
12,20,81.83595708100722,137.9381738002422,234.7494815921117,30.0
12,21,75.77831788529289,126.12667392138256,236.03178345986356,30.0
12,22,69.72068267873152,123.77527999634442,234.38888366542758,30.0
12,23,63.66305381300066,122.5367163265617,233.0188348884505,30.0
12,24,57.60543340699547,120.94494850030162,231.66674074090966,30.0
13,1,270.29202982966274,333.43562962491626,239.89242003909325,30.0
13,2,264.2452468200338,331.94577000193544,238.47614667786678,30.0
13,3,258.19858453993083,329.9011678709168,237.5289860273927,30.0
13,4,252.15204172489132,328.75779774751146,234.66844106503666,30.0
13,5,246.10561703402595,328.08294934706385,234.07248276914882,30.0
13,6,245.6843090543764,326.367041468648,220.36463782293703,30.0
13,7,239.6381163052913,325.15926846919837,220.58384071416506,30.0
13,8,230.77953724611928,289.8420372461194,231.47818101331555,30.0
13,9,224.7335702831524,287.10895296181764,231.61383644661072,30.0
13,10,218.68771377879602,276.8107707963693,237.23847688998296,30.0
13,11,215.45446606189137,246.56194921480682,227.43350383651764,30.0
13,12,209.40882543899045,240.81873761268557,227.23889783431514,30.0
13,13,203.36329020610924,238.934218655286,225.17934392470434,30.0
13,14,194.50535866317546,237.15119313014802,238.46567506789142,30.0
13,15,188.46002912752817,233.60405500431966,237.363322150069,30.0
13,16,182.41479994921053,225.32211892485643,238.9608664975063,30.0
13,17,176.369669526625,218.7704477179411,238.83119793075468,30.0
13,18,170.32463632283282,215.68784750684478,237.00306573447443,30.0
13,19,164.279698882331,211.1508408051681,236.21284814116072,30.0
13,20,158.23485584714012,209.06699061977227,232.78866249071754,30.0
13,21,149.37760597478632,208.38107314805904,237.26067733481722,30.0
13,22,143.33294815439666,207.72062246416309,236.08652517458498,30.0
13,23,137.28838142343744,206.93518783606658,235.84722966392886,30.0
13,24,131.24390498386924,205.3800977387304,238.44001716195214,30.0
13,25,125.19951821734202,195.65334188453457,237.6782485127565,30.0
14,1,295.14291512911257,354.2579263508995,238.3274024386388,30.0
14,2,291.92523399339973,332.4751171872949,234.23915537605959,30.0
14,3,285.8951149848343,329.0078037037849,232.31052772218416,30.0
14,4,279.8650594051013,324.48795387168076,234.12968830583256,30.0
14,5,273.8350684942794,321.18650058199773,230.41893918835814,30.0
14,6,264.99264342696165,318.7070447676988,239.0473009761573,30.0
14,7,258.9627853096338,316.7235380408169,236.48795119321062,30.0
14,8,252.9329951786899,315.4625545981441,233.4650033885193,30.0
14,9,246.90327399859507,314.5050011734471,232.287963749054,30.0
14,10,238.06112266032187,312.89822336019927,238.68716677688656,30.0
14,11,232.03154197894526,311.1680048432615,238.13620652939883,30.0
14,12,226.0020326917304,307.6813741201465,237.3270864130394,30.0
14,13,222.78509545439545,302.45682717300394,230.46526601751174,30.0
14,14,213.94323083688016,290.8920387169843,238.03129275618824,30.0
14,15,207.913939317732,288.40155854602176,237.26350395432033,30.0
14,16,204.6972212777198,284.4766115681787,230.30210827162173,30.0
14,17,198.66807699076332,272.4946876631353,232.39783542775908,30.0
14,18,353.7137698268691,47.27187533615562,239.2794631209336,30.0
15,1,276.633115420252,345.7271259944807,235.16681631644354,30.0
15,2,273.4171478669591,344.02673102703056,234.6030760147039,30.0
15,3,68.38370962477535,126.38891091805822,239.77005088609732,30.0
15,4,65.16381497186217,122.15763423852877,229.81553782306398,30.0
15,5,56.3187907772687,115.27371173132875,239.36169696307314,30.0
15,6,50.2861341870821,111.47864372946904,239.05669802570006,30.0
15,7,44.25334222465983,107.01044745177731,237.69343312041627,30.0
15,8,38.22041182859601,104.63269605285015,235.81656867247878,30.0
15,9,34.99983989555744,75.18274107365566,235.62549740205208,30.0
15,10,28.966623322802207,71.54009591653603,235.51061927054798,30.0
15,11,22.933259050455604,68.30966327504802,233.81853516621302,30.0
15,12,16.899744100792134,66.51618163398138,230.6724819632484,30.0
15,13,10.86607561290515,65.2188855706343,232.5659462092294,30.0
15,14,4.832250870603048,45.12777914891159,236.61495366535152,30.0
15,15,358.7982673252351,41.36950377368739,236.33111824454232,30.0
16,1,141.76788767528416,191.0966701585795,236.0018066879437,30.0
16,2,135.7104318858984,189.84867294389275,233.99501264766775,30.0
16,3,129.65299313720692,188.54776294851064,233.49527794001136,30.0
16,4,123.59557426886596,185.95585728976656,232.62706233991827,30.0
16,5,117.53817829587695,183.1646474493141,231.9438550022409,30.0
16,6,108.66830839581178,179.9474257293235,239.98655075968603,30.0
16,7,105.42346788655328,175.06830727532937,231.65542622693684,30.0
16,8,99.36616019714256,161.53334951379955,233.00879292847873,30.0
16,9,93.30888883190329,152.37320942301497,233.12757398858338,30.0
16,10,87.25165732860245,148.50296567681025,233.3182422277514,30.0
16,11,81.19446921273561,138.23478075421136,233.11576854040504,30.0
16,12,75.13732795174906,136.04811105968116,235.14855750152444,30.0
16,13,69.08023690900711,122.0585798031047,235.3932587100621,30.0
16,14,63.023199302185276,119.61903953933137,234.4409765181186,30.0
16,15,56.96621816706761,114.86030787784065,234.2604851502256,30.0
16,16,50.90929632848787,107.48314635457855,234.2944171887348,30.0
16,17,44.852436379684605,103.31595779611794,233.24784236377712,30.0
16,18,38.79564066891021,101.01226048504981,233.1189545817548,30.0
16,19,32.73891129549929,95.9589248153631,232.45759206730196,30.0
16,20,26.682250111453186,92.66561011401892,231.98038347295946,30.0
16,21,17.813158729138365,88.78505093128348,239.99748395632858,30.0
16,22,11.756638533189175,84.3748966260358,238.7347407004844,30.0
16,23,5.700190695340552,82.18875063706881,237.40349195664416,30.0
16,24,359.6438161900233,79.78299937662621,237.0170096069564,30.0
17,1,212.48825431076114,261.68416769015096,234.96772275579087,30.0
17,2,206.44644713195737,255.74463371384388,233.58546262717718,30.0
17,3,200.40473805663214,253.90267319388488,232.68167720116867,30.0
17,4,194.36312523961942,249.40944769209102,232.25238691076203,30.0
17,5,188.32160682107803,244.9023814363013,231.6262812326131,30.0
17,6,182.28018093434173,231.7522951770156,233.78369095526244,30.0
17,7,176.23884571390806,226.93188796685928,233.76524433489845,30.0
17,8,170.19759930395105,223.06859991220864,232.78054507331592,30.0
17,9,164.15643986716225,219.04018474886692,232.36068109495983,30.0
17,10,158.1153655934612,213.8602772768701,231.47867342686575,30.0
17,11,152.07437471090077,208.82313672750857,231.50236940379173,30.0
17,12,146.0334654955027,203.04722784142277,232.50238104978428,30.0
17,13,139.99263628282677,190.14788599680568,233.84929315194935,30.0
17,14,133.95188547992797,185.87656876470697,233.24468444113967,30.0
17,15,127.91121157831122,181.69669130414547,232.11657781583776,30.0
17,16,121.87061316759872,179.2750145814762,230.7900277581886,30.0
17,17,115.83008894970305,159.65143719204545,235.65338003762122,30.0
17,18,109.78963775486733,157.62669365415573,233.2576553833003,30.0
17,19,103.74925855751133,156.42236240066126,231.2815017050592,30.0
17,20,94.89645049311588,155.3671973618299,237.85403800050892,30.0
17,21,88.85621287572349,154.28359966209769,238.23960142364461,30.0
17,22,82.81604521514714,151.08915933419954,237.9614895740858,30.0
17,23,76.77594723243908,146.50738367967142,236.8787513737468,30.0
17,24,70.73591887496173,142.5166956560026,236.0889342461045,30.0
17,25,64.69596032604511,140.63346032604517,234.61807125651495,30.0
17,26,58.656072010695596,117.43124727936083,239.08575371863006,30.0
17,27,55.42875459477949,112.29396683966958,230.33210932711134,30.0
17,28,46.5765089763118,110.72525696341864,238.05847094490963,30.0
17,29,40.53683626882548,109.29012136072193,236.7968198485126,30.0
17,30,34.497237775410554,106.48556782926538,236.1101092206413,30.0
18,1,289.5087950234896,359.8639159460415,232.53576592246023,30.0
18,2,283.4807501063873,354.84062635864944,231.94954366698775,30.0
18,3,277.45276091509686,349.1354417758322,233.04169709270965,30.0
18,4,271.4248287306697,341.01440489852007,232.51327471861973,30.0
18,5,262.5844547625561,336.06380887480924,239.84749104628048,30.0
18,6,256.5566401397631,333.2200734307247,237.6687321150376,30.0
18,7,250.5288859040959,331.4010897783922,238.6909671543422,30.0
18,8,247.3136930050606,299.91019352814226,239.8985035272311,30.0
18,9,241.28606229682532,297.8928856453347,235.89914561807035,30.0
18,10,235.25849453560716,295.8262799125867,236.39152306442034,30.0
18,11,229.2309903800308,284.26061144876786,239.0473126085937,30.0
18,12,223.20355039070296,277.1631180374235,239.53087775228192,30.0
18,13,217.1761750310942,272.5848696568542,238.53828230508674,30.0
18,14,211.14886466855637,268.9368505667469,237.0780874313694,30.0
18,15,205.12161957506203,265.3314550490379,236.3359014993679,30.0
18,16,199.09443992706292,261.0163662569466,235.544809319663,30.0
18,17,193.06732580582445,257.06832435482715,233.3894125548568,30.0
18,18,187.0402771955712,255.06827070961512,232.77225563437273,30.0
18,19,181.0132939809473,249.4710256636352,235.3811040438171,30.0
19,1,113.62340508868158,170.07169346289976,231.10391927503068,30.0
19,2,107.58628274589552,157.27413627732759,232.50870313530606,30.0
19,3,101.54901261689264,154.21892775429438,231.37892857963743,30.0
19,4,95.51159480869308,150.92052664679466,230.67814766552252,30.0
19,5,86.6615293132408,147.53825828554542,239.85050661535664,30.0
19,6,80.62381599090253,143.75820425968078,238.40011853515944,30.0
19,7,74.5859545549298,140.98685321942145,237.02247625627223,30.0
19,8,71.3604445533249,122.10852654756802,231.8560040639427,30.0
19,9,65.32228535184134,114.46547728968106,233.61353887395057,30.0
19,10,59.283976117950374,108.41349350673708,232.7774213879056,30.0
19,11,53.245515807623065,104.99005316844354,232.22016672563936,30.0
19,12,47.20690315641093,100.65374417899659,231.73802681845626,30.0
19,13,41.168136676005815,96.00470260573111,231.08018515001277,30.0
19,14,35.129214659797185,92.78843243003067,230.29659946054358,30.0
19,15,26.27763519555367,89.4192935713432,238.7127005227514,30.0
19,16,20.23839618840327,87.38458665474347,236.72068516194145,30.0
19,17,14.19899539234774,85.57649897495409,236.3503482641322,30.0
19,18,8.159430449965441,77.05406918164255,236.84618818275183,30.0
19,19,4.932198937571741,50.146123916494744,232.90145125727148,30.0
19,20,358.89229841540487,44.32987995750174,235.09404378585904,30.0
20,1,251.18967143132954,298.2928711656202,237.36554701360896,30.0
20,2,245.13262197146673,294.2712236013601,236.9264776794724,30.0
20,3,239.0755242060543,289.42860982499207,235.89401907925503,30.0
20,4,233.01837911472217,284.27457588757653,236.177968786465,30.0
20,5,226.9611877899863,280.1483686876788,234.93948302574182,30.0
20,6,220.90395143157446,277.4286620429725,233.5991899879197,30.0
20,7,214.84667134111328,275.4863416736923,232.51143445990158,30.0
20,8,208.7893489175001,273.77607535461283,232.30473688280068,30.0
20,9,202.73198565252926,263.1900468999201,232.61077415676672,30.0
20,10,196.67458312911708,260.8660757784325,232.22706564057242,30.0
20,11,190.61714301913253,254.47702594677767,232.0770767199811,30.0
20,12,181.74716708307085,252.10653687789048,239.02304984175308,30.0
20,13,175.68965717090043,250.0371527520211,237.58050682501806,30.0
20,14,169.63211522380357,248.58886117324244,236.67577509022396,30.0
20,15,166.3870432771057,246.18085564407198,229.49981176916577,30.0
20,16,157.5169434630452,234.76208827583355,237.3618865808381,30.0
20,17,151.45931801564177,231.65027461596486,237.26012660151002,30.0
20,18,145.40166927395933,222.5189913437606,238.15270088362325,30.0
20,19,139.34399968582932,210.4487562028674,239.98970724727653,30.0
20,20,136.09881181065884,189.01557847919725,234.8429046700253,30.0
20,21,130.04110832083546,185.4385566558289,234.2293888313582,30.0
20,22,123.98339200159444,183.42433293314744,232.5703075419865,30.0
20,23,115.11316574739675,182.67186420420222,239.6944198494738,30.0
20,24,111.86793255730208,180.2598771495109,231.55469175532642,30.0
20,25,102.99769552536031,176.73263489691203,238.44913738061132,30.0
20,26,96.93995782834611,174.68161563283925,236.4131467114738,30.0
20,27,93.69472270982214,173.51930553458723,228.99205012275488,30.0
20,28,90.44949346072116,172.08205842827712,222.12976260163197,30.0
20,29,78.76677339621142,157.86902454994745,237.93024460929956,30.0
21,1,282.12196420517,359.2101301943774,234.93756551524416,30.0
21,2,276.0822302049295,350.67323032086597,234.10537578956092,30.0
21,3,270.0425979179819,343.90896412205933,236.01327203157365,30.0
21,4,264.0030662808566,336.3840423245521,235.76294314295438,30.0
21,5,257.963634116433,332.4599508911431,235.15685248934676,30.0
21,6,251.92430014654974,328.8998547041097,234.73154218438958,30.0
21,7,245.88506300324093,323.6233267948674,235.02891178392204,30.0
21,8,239.84592123920208,310.99551205876435,237.60505748681146,30.0
21,9,233.80687333647597,295.45274128730597,238.8811993212574,30.0
21,10,227.7679177157206,293.4926865082944,239.8488564250795,30.0
21,11,10.412861356852943,74.14756151661712,237.9902615973652,30.0
21,12,4.376252803318778,67.9715269026962,237.85958488505463,30.0
21,13,358.3396996976425,61.128497963543964,238.1718708513778,30.0
22,1,253.04963776670218,303.8806983305966,238.97715632431584,30.0
22,2,247.0206546314812,299.8904954836306,239.44410418715208,30.0
22,3,240.99173981866306,297.6991912765972,236.5754950381177,30.0
22,4,234.96289428079683,296.0054592290878,235.1413148306139,30.0
22,5,228.93411881150337,293.7188425109575,235.45867202232128,30.0
22,6,225.71791405107479,273.6849968003282,228.98569693415112,30.0
22,7,216.87678049452074,270.89057644501327,239.82028395494416,30.0
22,8,213.66071849979835,264.5273544415022,229.00531610183154,30.0
22,9,207.63222829633582,255.64214250233232,229.63598858192964,30.0
22,10,201.60380999222264,248.8148236087774,231.29580495955642,30.0
22,11,195.57546358199863,238.69787635586638,232.5866248519763,30.0
22,12,189.5471889518377,233.79910448899102,232.04147361083884,30.0
22,13,183.51898588439656,224.79203107505674,232.63855866276842,30.0
22,14,177.4908540620862,223.15424592415513,230.95121243694655,30.0
22,15,171.4627930691271,219.17000647626259,229.84193295122617,30.0
22,16,165.4348023925595,213.6880335220726,229.3260697050632,30.0
22,17,156.59438142132683,211.40945876949718,237.99667318054088,30.0
22,18,150.56652944591372,208.9246616313614,236.70456366174108,30.0
22,19,144.53874565558243,206.84783827643267,233.73491225131332,30.0
22,20,138.51102913607872,205.17167528908513,232.7566676240104,30.0
22,21,129.67087886649801,203.13337360559186,239.72695751050247,30.0
22,22,123.64329371684556,200.50602273953635,238.46458127741784,30.0
22,23,117.61577244584822,195.45058703548355,239.3749366347817,30.0
22,24,114.40081369914662,176.73251980571808,233.71247601053543,30.0
22,25,105.56091601035956,174.85108546884743,239.97144437755674,30.0
22,26,99.53357780265543,173.65731546490963,237.31248799997746,30.0
22,27,93.5062973928874,172.63649140015661,236.38253129975115,30.0
22,28,90.29157299858156,170.7643918489534,228.4144212048459,30.0
22,29,87.0769027473491,168.7706191540254,221.9663667319684,30.0
22,30,81.04978468871712,160.9864320857575,222.16553467136683,30.0
22,31,72.21021681013059,152.37230068482938,229.93549224028706,30.0
22,32,63.370697054110565,142.19991564604902,238.1968240490131,30.0
23,1,291.6235954390962,0.19832791371226222,235.06443699722573,30.0
23,2,285.5940190476325,357.07210409829355,233.43917860466405,30.0
23,3,279.5643129973697,354.0172301203165,233.99488279813255,30.0
23,4,273.53447659942697,337.5532004425178,235.9730874794387,30.0
23,5,83.323089177589,136.76254269089165,231.11067771295592,30.0
23,6,77.28893221503415,130.3048580604474,230.7568611470337,30.0
23,7,68.44214040060484,127.89864418167193,237.7711592168752,30.0
23,8,62.40771269585849,126.64667173550019,236.139913046369,30.0
23,9,56.37314791683082,125.20858162209763,235.4466358661386,30.0
23,10,50.33844471878939,119.47277473503786,239.32047204661362,30.0
23,11,49.92860158189734,82.27998678862933,224.09750707927387,30.0
23,12,43.893616798207404,75.61508116188736,224.42588614772527,30.0
23,13,35.045988464174116,72.40052644878058,239.8615799531931,30.0
23,14,29.010714477007014,65.83045549660096,239.65973171513374,30.0
23,15,22.975292539122222,62.21883319347162,237.9503444366543,30.0
23,16,16.939720170905957,59.36213672336059,234.69737633490143,30.0
23,17,10.90399473281019,58.78304686678504,231.81489954011545,30.0
23,18,4.868113456070091,56.87905594087393,230.64413394470012,30.0
23,19,356.0195734828965,54.88758880300255,239.78145012937298,30.0
