time,longitude,radius,latitude,Vr,Time_days,Times_Earth,Vr_pred_Earth,Lon-L1,Lat-L1,Vr_obs_Earth
2023-09-25 14:37:30,105.14070034552132,31.72771810235448,2.434282382906233,384.22548218662314,22.07759259259259,2023-09-29 14:37:30+00:00,303.8068197291144,18.583504579088036,6.8068912981985905,458.76460767946577
2023-09-25 14:52:30,105.14188554980171,31.629516345874784,2.426490307889117,327.03845616409143,22.08800925925926,2023-09-29 14:52:30+00:00,303.9449554762942,18.44603683723953,6.806443413069896,454.7579298831386
2023-09-25 15:07:30,105.14399742486796,31.531210849225644,2.4186331331533553,306.77161660618935,22.098425925925927,2023-09-29 15:07:30+00:00,304.07769054585606,18.308569137863635,6.805995307626868,457.2621035058431
2023-09-25 15:22:30,105.14704564065345,31.432801640166893,2.4107100948740627,315.93122129619405,22.10884259259259,2023-09-29 15:22:30+00:00,304.07769054585606,18.171101480954626,6.8055469818818635,456.9043644168853
2023-09-25 15:37:30,105.15104000342949,31.33428875319003,2.402720417928993,348.1237747559902,22.11925925925926,2023-09-29 15:37:30+00:00,304.2046324974145,18.03363386654226,6.805098435847614,454.67445742904846
2023-09-25 15:52:30,105.15599045840668,31.23567222960991,2.3946633156962585,335.36828566417444,22.129675925925927,2023-09-29 15:52:30+00:00,304.32542993144506,17.896166294645695,6.804649669536687,457.3873121869783
2023-09-25 16:07:30,105.1619070921645,31.136952117757556,2.3865379898560697,491.811934619715,22.14009259259259,2023-09-29 16:07:30+00:00,304.32542993144506,17.758698765259254,6.804200682961452,457.92988313856426
2023-09-25 16:22:30,105.16880013483632,31.03812847327191,2.378343630196484,603.7416446347024,22.15050925925926,2023-09-29 16:22:30+00:00,304.4397736527379,17.621231278456246,6.803751476134666,454.2570951585977
2023-09-25 16:37:30,105.17667996288684,30.939201359216543,2.3700794144009514,600.2601234615834,22.160925925925927,2023-09-29 16:37:30+00:00,304.4397736527379,17.483763834183073,6.803302049068916,449.74958263772953
2023-09-25 16:52:30,105.1855571017616,30.840170846242778,2.3617445078347896,679.5606165918555,22.17134259259259,2023-09-29 16:52:30+00:00,304.5473974091205,17.346296432535784,6.802852401776602,456.26043405676126
2023-09-25 17:07:30,105.19544222808928,30.74103701293665,2.353338063343054,654.0241487750902,22.18175925925926,2023-09-29 17:07:30+00:00,304.6480782182591,17.208829073456638,6.802402534270496,456.1352253756261
2023-09-25 17:22:30,105.20634617279003,30.64179994594307,2.344859221025251,545.5200951001345,22.192175925925927,2023-09-29 17:22:30+00:00,304.6480782182591,17.071361757023126,6.801952446563201,456.677796327212
2023-09-25 17:37:30,105.21827992366384,30.542459740148725,2.336307108010545,501.7432154365803,22.20259259259259,2023-09-29 17:37:30+00:00,304.74163630230044,16.933894483243794,6.801502138667149,452.0033388981636
2023-09-25 17:52:30,105.2312546279486,30.443016499059073,2.3276808382444973,375.19731329128314,22.21300925925926,2023-09-29 17:52:30+00:00,304.82793465638053,16.7964272521337,6.801051610595124,453.923205342237
2023-09-25 18:07:30,105.24528159551252,30.343470334912695,2.318979512249278,379.5744846061265,22.223425925925927,2023-09-29 18:07:30+00:00,304.82793465638053,16.65896006368279,6.800600862359759,465.7762938230384
2023-09-25 18:22:30,105.26037230154508,30.24382136887932,2.310202216885573,362.6744964045133,22.23384259259259,2023-09-29 18:22:30+00:00,304.9068782825083,16.521492917943355,6.800149893973498,452.7545909849749
2023-09-25 18:37:30,105.27653838952556,30.144069731488027,2.301348025130267,343.0600479966611,22.24425925925926,2023-09-29 18:37:30+00:00,304.9784131249746,16.384025814944856,6.799698705449157,448.7479131886477
2023-09-25 18:52:30,105.2937916742468,30.04421556275098,2.2924159958221955,586.0311933637774,22.254675925925927,2023-09-29 18:52:30+00:00,304.9784131249746,16.246558754677313,6.799247296799378,447.7462437395659
2023-09-25 19:07:30,105.31214414497406,29.944259012385935,2.2834051734116008,476.99654462864464,22.26509259259259,2023-09-29 19:07:30+00:00,305.0425247472313,16.109091737163745,6.798795668036634,446.9949916527546
2023-09-25 19:22:30,105.3316079685057,29.844200240230137,2.274314587721467,297.4784814517703,22.27550925925926,2023-09-29 19:22:30+00:00,305.0992367931239,15.971624762433592,6.79834381917376,446.9949916527546
2023-09-25 19:37:30,105.35219549231012,29.744039416408036,2.2651432536817016,260.3582331774738,22.285925925925927,2023-09-29 19:37:30+00:00,305.0992367931239,15.834157830505823,6.797891750223418,446.49415692821367
2023-09-25 19:52:30,105.37391924797922,29.64377672161114,2.2558901710679073,376.4796060879676,22.29634259259259,2023-09-29 19:52:30+00:00,305.148609277495,15.696690941374424,6.7974394611981035,446.74457429048414
2023-09-25 20:07:30,105.39679195448636,29.543412347463384,2.2465543242426107,342.28753348604266,22.30675925925926,2023-09-29 20:07:30+00:00,305.1907367525506,15.559224095097818,6.796986952110669,442.73789649415687
2023-09-25 20:22:30,105.42082652142004,29.44294649677659,2.2371346818810136,313.11719272717824,22.317175925925927,2023-09-29 20:22:30+00:00,305.1907367525506,15.421757291680352,6.796534222973807,442.73789649415687
2023-09-25 20:37:30,105.44603605287844,29.342379383802182,2.2276301966906145,280.4130915867531,22.32759259259259,2023-09-29 20:37:30+00:00,305.22574639707335,15.284290531115888,6.796081273800018,
2023-09-25 20:52:30,105.47243385051236,29.2417112346986,2.2180398051451458,333.0453479534633,22.33800925925926,2023-09-29 20:52:30+00:00,305.22574639707335,15.146823813462918,6.7956281046021845,456.7612687813022
2023-09-25 21:07:30,105.5000334174362,29.14094228771349,2.2083624271864895,475.4435687385954,22.348425925925927,2023-09-29 21:07:30+00:00,305.2537960756751,15.009357138711064,6.795174715393013,451.7529215358932
2023-09-25 21:22:30,105.52884846209862,29.04007279352057,2.1985969659343634,487.0491025899196,22.35884259259259,2023-09-29 21:22:30+00:00,305.27507241488667,14.871890506883265,6.79472110618504,440.73455759599335
2023-09-25 21:37:30,105.558892901625,28.939103015685212,2.1887423074030448,468.1872888923399,22.36925925925926,2023-09-29 21:37:30+00:00,305.27507241488667,14.734423918023342,6.794267276991157,436.7278797996661
2023-09-25 21:52:30,105.59018086589604,28.83803323092929,2.1787973201927446,548.2327874602938,22.379675925925927,2023-09-29 21:52:30+00:00,305.2897889421048,14.596957372120968,6.79381322782409,
2023-09-25 22:07:30,105.62272670164032,28.736863729437424,2.168760855178039,585.6714833773729,22.39009259259259,2023-09-29 22:07:30+00:00,305.2981843323461,14.459490869198914,6.793358958696396,
2023-09-25 22:22:30,105.65654497611268,28.63559481537834,2.158631745211773,629.659140638929,22.40050925925926,2023-09-29 22:22:30+00:00,305.2981843323461,14.3220244092864,6.79290446962099,441.7362270450751
2023-09-25 22:37:30,105.69165048147758,28.534226807168487,2.1484088047969645,554.2538535098952,22.410925925925927,2023-09-29 22:37:30+00:00,305.30052080650484,14.184557992402048,6.792449760610615,447.7462437395659
2023-09-25 22:52:30,105.72805823891632,28.432760037861083,2.138090829764427,686.6181499910854,22.42134259259259,2023-09-29 22:52:30+00:00,305.2970827234765,14.04709161855414,6.79199483167785,
2023-09-25 23:07:30,105.7657835027278,28.331194855677015,2.127676596958365,651.4819197043616,22.43175925925926,2023-09-29 23:07:30+00:00,305.2970827234765,13.909625287771808,6.79153968283563,446.74457429048414
2023-09-25 23:22:30,105.80484176494213,28.229531624280884,2.1171648638893408,523.0918196994992,22.442175925925927,2023-09-29 23:22:30+00:00,305.2881754071683,13.772159000059007,6.791084314096724,
2023-09-25 23:37:30,105.84524875970492,28.12777072323104,2.1065543683981347,314.1739729385806,22.45259259259259,2023-09-29 23:37:30+00:00,305.2741242481754,13.634692755467544,6.790628725473718,
2023-09-25 23:52:30,105.88702046761004,28.025912548518143,2.0958438283220433,306.7447042087006,22.46300925925926,2023-09-29 23:52:30+00:00,305.2741242481754,13.4972265539683,6.790172916979576,435.97662771285474
2023-09-26 00:07:30,105.93017312060478,27.923957512935413,2.085031941136623,302.5748797014632,22.473425925925927,2023-09-30 00:07:30+00:00,305.2552741188088,13.359760395638022,6.789716888627087,
2023-09-26 00:22:30,105.9747232067864,27.821906046458327,2.0741173835913393,309.3179013771305,22.48384259259259,2023-09-30 00:22:30+00:00,305.23198913929474,13.22229428042651,6.789260640428857,
2023-09-26 00:37:30,106.02068747485032,27.71975859695971,2.0630988113733335,316.13541949761225,22.49425925925926,2023-09-30 00:37:30+00:00,305.23198913929474,13.084828208406378,6.788804172397862,434.7245409015025
2023-09-26 00:52:30,106.06808293930872,27.61751563049617,2.0519748587189492,601.3274156113848,22.504675925925927,2023-09-30 00:52:30+00:00,305.20465283236695,12.947362179567026,6.788347484546918,431.71953255425706
2023-09-26 01:07:30,106.11692688568246,27.51517763179677,2.040744138038588,595.6788445859379,22.51509259259259,2023-09-30 01:07:30+00:00,305.20465283236695,12.809896193930904,6.787890576888648,
2023-09-26 01:22:30,106.1672368752424,27.412745104993625,2.029405239561226,339.4337228714524,22.52550925925926,2023-09-30 01:22:30+00:00,305.1736687031803,12.672430251526958,6.78743344943605,
2023-09-26 01:37:30,106.21903075050136,27.31021857395464,2.0179567309279656,332.25868250362623,22.535925925925927,2023-09-30 01:37:30+00:00,305.139461281509,12.534964352373525,6.7869761022019555,
2023-09-26 01:52:30,106.27232664072552,27.207598582870652,2.006397156805368,322.28616321319845,22.54634259259259,2023-09-30 01:52:30+00:00,305.139461281509,12.39749849650762,6.786518535199017,
2023-09-26 02:07:30,106.32714296704332,27.10488569690343,1.9947250384985808,324.50595954497805,22.55675925925926,2023-09-30 02:07:30+00:00,305.10247766356474,12.26003268389986,6.78606074844024,
2023-09-26 02:22:30,106.38349844830014,27.00208050268306,1.982938873539664,344.8782991107098,22.567175925925927,2023-09-30 02:22:30+00:00,305.0631895914526,12.122566914597568,6.785602741938474,
2023-09-26 02:37:30,106.44141210675576,26.89918360892469,1.971037135281658,335.02737120006213,22.57759259259259,2023-09-30 02:37:30+00:00,305.0631895914526,11.98510118859404,6.785144515706401,
2023-09-26 02:52:30,106.5009032737756,26.796195647067,1.9590182724873324,345.4395458059152,22.58800925925926,2023-09-30 02:52:30+00:00,305.02209610926496,11.8476355059471,6.784686069757043,
2023-09-26 03:07:30,106.56199159584963,26.693117271896764,1.946880708908491,387.1724191481927,22.598425925925927,2023-09-30 03:07:30+00:00,304.9797268360097,11.71016986664587,6.78422740410327,
2023-09-26 03:22:30,106.6246970407768,26.58994916213583,1.9346228428529004,360.3320709613298,22.60884259259259,2023-09-30 03:22:30+00:00,304.9797268360097,11.57270427074168,6.783768518757772,436.7278797996661
2023-09-26 03:37:30,106.68903990365992,26.48669202120978,1.9222430467647544,347.72740559817595,22.61925925925926,2023-09-30 03:37:30+00:00,304.93664589690843,11.435238718219528,6.783309413733601,
2023-09-26 03:52:30,106.75504081329704,26.383346577902607,1.9097396667837852,352.14893038785567,22.629675925925927,2023-09-30 03:52:30+00:00,304.89345655594474,11.297773209112114,6.78285008904365,
2023-09-26 04:07:30,106.82272073884424,26.279913586965375,1.8971110222903096,327.1912331187517,22.64009259259259,2023-09-30 04:07:30+00:00,304.89345655594474,11.160307743427053,6.782390544700615,
2023-09-26 04:22:30,106.8921009960323,26.176393830024843,1.8843554054791576,338.9796948402376,22.65050925925926,2023-09-30 04:22:30+00:00,304.8508065937214,11.022842321192869,6.781930780717579,
2023-09-26 04:37:30,106.96320325421384,26.072788116191713,1.871471080888804,334.6573473077536,22.660925925925927,2023-09-30 04:37:30+00:00,304.8093944754602,10.885376942413089,6.781470797107446,
2023-09-26 04:52:30,107.0360495430788,25.969097282848395,1.858456284944512,331.8693210687113,22.67134259259259,2023-09-30 04:52:30+00:00,304.8093944754602,10.747911607109767,6.781010593882934,
2023-09-26 05:07:30,107.11066225971967,25.86532219650392,1.8453092255014296,327.84236807234777,22.68175925925926,2023-09-30 05:07:30+00:00,304.76997635405786,10.610446315311366,6.780550171057142,
2023-09-26 05:22:30,107.1870641756294,25.761463753598004,1.8320280813748209,331.56817783205474,22.692175925925927,2023-09-30 05:22:30+00:00,304.76997635405786,10.47298106706489,6.780089528642994,
2023-09-26 05:37:30,107.26527844440254,25.65752288122134,1.818611001849875,343.02190237381024,22.70259259259259,2023-09-30 05:37:30+00:00,304.7333739520956,10.335515862305138,6.779628666653227,425.7095158597662
2023-09-26 05:52:30,107.34532860857657,25.553500538178305,1.8050561062290449,347.76953837791666,22.71300925925926,2023-09-30 05:52:30+00:00,304.7004833641003,10.198050701118609,6.779167585100962,
2023-09-26 06:07:30,107.4272386077084,25.4493977157543,1.79136148333308,527.9655456889886,22.723425925925927,2023-09-30 06:07:30+00:00,304.7004833641003,10.060585583508626,6.7787062839991385,434.7245409015025
2023-09-26 06:22:30,107.51103278606968,25.34521543856494,1.777525191004706,496.91346041852694,22.73384259259259,2023-09-30 06:22:30+00:00,304.6722848155545,9.92312050949707,6.778244763360515,
2023-09-26 06:37:30,107.59673590024224,25.24095476569141,1.7635452556429612,493.0396315519381,22.74425925925926,2023-09-30 06:37:30+00:00,304.64985340737377,9.785655479083154,6.777783023198227,
2023-09-26 06:52:30,107.68437312745816,25.13661679150513,1.749419671688968,364.7772742931341,22.754675925925927,2023-09-30 06:52:30+00:00,304.64985340737377,9.648190492284622,6.77732106352523,
2023-09-26 07:07:30,107.7739700739216,25.03220264665084,1.7351464011254936,323.44817119441495,22.76509259259259,2023-09-30 07:07:30+00:00,304.6343708628701,9.510725549152344,6.77685888435431,
2023-09-26 07:22:30,107.8655527828215,24.927713499214537,1.7207233729945195,313.97290057071865,22.77550925925926,2023-09-30 07:22:30+00:00,304.62713827744847,9.373260649670865,6.776396485698613,433.7228714524207
2023-09-26 07:37:30,107.959147743144,24.82315055564178,1.7061484828746794,323.5446173730411,22.785925925925927,2023-09-30 07:37:30+00:00,304.62713827744847,9.235795793857893,6.775933867571113,
2023-09-26 07:52:30,108.0547818985086,24.71851506184224,1.6914195923765656,325.78328221454365,22.79634259259259,2023-09-30 07:52:30+00:00,304.62958984805374,9.098330981749603,6.775471029984618,430.7178631051753
2023-09-26 08:07:30,108.1524826557183,24.613808304446028,1.6765345286544822,331.2914520309465,22.80675925925926,2023-09-30 08:07:30+00:00,304.6433075280659,8.960866213359614,6.77500797295229,
2023-09-26 08:22:30,108.25227789405209,24.509031611784916,1.661491083872539,317.7971036999651,22.817175925925927,2023-09-30 08:22:30+00:00,304.6433075280659,8.823401488690852,6.774544696487127,
2023-09-26 08:37:30,108.3541959746549,24.404186355124384,1.6462870147011663,311.7374612681317,22.82759259259259,2023-09-30 08:37:30+00:00,304.67003651202384,8.6859368077796,6.774081200601947,
2023-09-26 08:52:30,108.45826574948028,24.2992739500192,1.6309200418262058,319.68396940637496,22.83800925925926,2023-09-30 08:52:30+00:00,304.71170140107546,8.548472170639158,6.773617485309937,
2023-09-26 09:07:30,108.56451657131272,24.194295857405685,1.6153878494153338,321.5280676126878,22.848425925925927,2023-09-30 09:07:30+00:00,304.71170140107546,8.411007577257966,6.773153550624106,
2023-09-26 09:22:30,108.67297830351326,24.08925358491982,1.5996880846127557,324.3577168172635,22.85884259259259,2023-09-30 09:22:30+00:00,304.7704228319842,8.2735430277012,6.772689396557291,
2023-09-26 09:37:30,108.78368132969452,23.984148688367405,1.5838183570528497,330.51584027854466,22.86925925925926,2023-09-30 09:37:30+00:00,304.7704228319842,8.136078521953047,6.772225023122698,409.68280467445743
2023-09-26 09:52:30,108.89665655737646,23.87898277048386,1.5677762400393087,362.4024537019063,22.879675925925927,2023-09-30 09:52:30+00:00,304.8485342672736,7.998614060045418,6.771760430333359,
2023-09-26 10:07:30,109.01193544753866,23.77375748940012,1.5515592652084331,352.99299091222076,22.89009259259259,2023-09-30 10:07:30+00:00,304.94859853900374,7.861149641999737,6.771295618202124,
2023-09-26 10:22:30,109.1295500077525,23.66847455390543,1.535164926359095,350.75125208681135,22.90050925925926,2023-09-30 10:22:30+00:00,304.94859853900374,7.72368526781467,6.770830586742214,397.6627712854758
2023-09-26 10:37:30,109.24953280668696,23.56313572624191,1.518590678031604,342.4891031095925,22.910925925925927,2023-09-30 10:37:30+00:00,305.0734236112031,7.586220937507484,6.770365335966689,
2023-09-26 10:52:30,109.37191698621712,23.457742823972445,1.5018339347625185,325.94246224327367,22.92134259259259,2023-09-30 10:52:30+00:00,305.22607687401,7.448756651114053,6.769899865888402,
2023-09-26 11:07:30,109.49673627205544,23.35229772170311,1.4848920706296334,326.8716343062042,22.93175925925926,2023-09-30 11:07:30+00:00,305.22607687401,7.311292408647448,6.7694341765206065,
2023-09-26 11:22:30,109.62402498546092,23.2468023525956,1.467762418765515,322.8753348604263,22.942175925925927,2023-09-30 11:22:30+00:00,305.4098971048334,7.17382821011031,6.768968267876366,
2023-09-26 11:37:30,109.75381805456942,23.141258710067905,1.450442270902704,321.0759826689099,22.95259259259259,2023-09-30 11:37:30+00:00,305.6285030284738,7.036364055538395,6.768502139968563,
2023-09-26 11:52:30,109.88615102583566,23.035668849638466,1.432928876947014,322.3977947742361,22.96300925925926,2023-09-30 11:52:30+00:00,305.6285030284738,6.898899944944673,6.768035792810458,416.6944908180301
2023-09-26 12:07:30,110.02106007607452,22.930034890610397,1.4152194445291018,324.82152485010687,22.973425925925927,2023-09-30 12:07:30+00:00,305.885797181515,6.761435878317145,6.767569226415139,411.68614357262106
2023-09-26 12:22:30,110.15858202466715,22.82435901789285,1.3973111385838612,408.2305851117324,22.98384259259259,2023-09-30 12:22:30+00:00,306.1859635419856,6.62397185573506,6.767102440795507,
2023-09-26 12:37:30,110.29875434522172,22.718643484044033,1.3792010809757531,424.8559531774747,22.99425925925926,2023-09-30 12:37:30+00:00,306.1859635419856,6.486507877153139,6.7666354359648375,420.7011686143573
2023-09-26 12:52:30,110.44161517851114,22.61289061108428,1.3608863500936617,398.23737236479406,23.004675925925927,2023-09-30 12:52:30+00:00,306.533457133269,6.349043942631964,6.766168211936235,
2023-09-26 13:07:30,110.58720334488277,22.507102792519756,1.3423639804921184,353.88163151296254,23.01509259259259,2023-09-30 13:07:30+00:00,306.9329835672975,6.2115800521343285,6.765700768722619,410.6844741235392
2023-09-26 13:22:30,110.73555835689316,22.40128249552324,1.3236309625723213,392.3205342237062,23.02550925925926,2023-09-30 13:22:30+00:00,306.9329835672975,6.074116205731211,6.76523310633728,
2023-09-26 13:37:30,110.88672043234308,22.29543226296385,1.3046842422513962,449.9756403344095,23.035925925925927,2023-09-30 13:37:30+00:00,307.38946627919614,5.936652403439447,6.764765224793338,408.68113522537567
2023-09-26 13:52:30,111.04073050758488,22.1895547155777,1.2855207206715495,420.6196373801297,23.04634259259259,2023-09-30 13:52:30+00:00,307.38946627919614,5.799188645250817,6.764297124103733,410.3505843071786
2023-09-26 14:07:30,111.19763025032124,22.08365255439408,1.2661372539744722,318.924537003956,23.05675925925926,2023-09-30 14:07:30+00:00,307.9079990553142,5.661724931177967,6.763828804281774,402.17028380634395
2023-09-26 14:22:30,111.35746207349708,21.97772856288587,1.246530653046701,283.60940108514194,23.067175925925927,2023-09-30 14:22:30+00:00,308.4937814099895,5.524261261237671,6.763360265340601,398.5642737896494
2023-09-26 14:37:30,111.52026914884571,21.871785609419582,1.226697683341486,292.87723378133467,23.07759259259259,2023-09-30 14:37:30+00:00,308.4937814099895,5.386797635465177,6.7628915072931575,420.60100166944903
2023-09-26 14:52:30,111.68609542044472,21.765826649781136,1.2066350647416535,283.3132740614202,23.08800925925926,2023-09-30 14:52:30+00:00,309.1520344738652,5.249334053873083,6.762422530152779,418.0538993560696
2023-09-26 15:07:30,111.85498561861844,21.659854729689453,1.186339471448998,277.77424111521793,23.098425925925927,2023-09-30 15:07:30+00:00,309.88789537650456,5.111870516463429,6.761953333932625,411.7487479131886
2023-09-26 15:22:30,112.02698527432088,21.55387298731539,1.1658075319055257,294.87906200256236,23.10884259259259,2023-09-30 15:22:30+00:00,309.88789537650456,4.974407023271422,6.7614839186456495,405.6761268781302
2023-09-26 15:37:30,112.20214073283816,21.44788465615652,1.1450358288180398,299.81876408800656,23.11925925925926,2023-09-30 15:37:30+00:00,310.7062887010552,4.8369435742949545,6.761014284305213,407.10708323396136
2023-09-26 15:52:30,112.38049916831716,21.341893067664948,1.124020899174013,348.18884186822993,23.129675925925927,2023-09-30 15:52:30+00:00,311.61177451908014,4.6994801695650565,6.760544430924475,407.3932745051276
2023-09-26 16:07:30,112.56210859831528,21.235901654080106,1.1027592343383978,381.8114496924186,23.14009259259259,2023-09-30 16:07:30+00:00,311.61177451908014,4.562016809102298,6.760074358516427,409.80801335559266
2023-09-26 16:22:30,112.74701789770366,21.129913951565815,1.0812472802576834,380.5448797641459,23.15050925925926,2023-09-30 16:22:30+00:00,312.6083738271804,4.424553492904407,6.75960406709443,410.35058430717856
2023-09-26 16:37:30,112.93527681379082,21.02393360297896,1.0594814376410528,280.70129853257373,23.160925925925927,2023-09-30 16:37:30+00:00,313.6993739252433,4.28709022101687,6.759133556671671,402.0033388981636
2023-09-26 16:52:30,113.12693598084564,20.917964361092203,1.0374580622861151,412.8236984120822,23.17134259259259,2023-09-30 16:52:30+00:00,313.6993739252433,4.149626993401912,6.758662827261155,406.1769616026711
2023-09-26 17:07:30,113.3220469342832,20.81201009185949,1.015173465474994,453.73287515508986,23.18175925925926,2023-09-30 17:07:30+00:00,314.8871183776737,4.012163810129935,6.7581918788762545,408.18030050083473
2023-09-26 17:22:30,113.5206621259105,20.70607477759655,0.9926239144171896,524.9834996311682,23.192175925925927,2023-09-30 17:22:30+00:00,316.17278860172405,3.8747006712172016,6.757720711530177,419.0317195325543
2023-09-26 17:37:30,113.72283493843844,20.60016252037509,0.969805632806716,619.5500932163202,23.20259259259259,2023-09-30 17:37:30+00:00,316.17278860172405,3.737237576640342,6.757249325235943,412.6878130217028
2023-09-26 17:52:30,113.92861969990118,20.49427754558811,0.9467148014915734,563.8853341821324,23.21300925925926,2023-09-30 17:52:30+00:00,317.55618667288746,3.599774526440556,6.756777720006943,401.2938230383973
2023-09-26 18:07:30,114.13807169855032,20.388424205451717,0.9233475592123228,545.9292619482083,23.223425925925927,2023-09-30 18:07:30+00:00,317.55618667288746,3.4623115206194286,6.756305895856401,395.6594323873122
2023-09-26 18:22:30,114.35124719753736,20.282606982671897,0.8997000034643942,553.0189745555173,23.23384259259259,2023-09-30 18:22:30+00:00,319.0355313838342,3.3248485592116666,6.755833852797349,405.6761268781302
2023-09-26 18:37:30,114.56820344888489,20.176830494309367,0.8757681914994363,556.8311526963544,23.24425925925926,2023-09-30 18:37:30+00:00,320.60728161899453,3.187385642229273,6.755361590843199,398.1636060100167
2023-09-26 18:52:30,114.7889987082836,20.07109949562653,0.8515481414263116,574.5178410190786,23.254675925925927,2023-09-30 18:52:30+00:00,320.60728161899453,3.049922769659113,6.7548891100071895,399.66611018363943
2023-09-26 19:07:30,115.01369224917154,19.965418884020963,0.8270358334416481,321.4840138610832,23.26509259259259,2023-09-30 19:07:30+00:00,322.26600233464535,2.9124599415794874,6.754416410302371,376.6277128547579
2023-09-26 19:22:30,115.24234437648272,19.859793703265183,0.8022272112493023,286.7814710639652,23.27550925925926,2023-09-30 19:22:30+00:00,324.00428847790874,2.774997157944001,6.75394349174217,
2023-09-26 19:37:30,115.4750164406357,19.7542291476147,0.7771181835774887,411.1154249330279,23.285925925925927,2023-09-30 19:37:30+00:00,324.00428847790874,2.637534418783124,6.753470354339837,411.68614357262106
2023-09-26 19:52:30,115.71177085098849,19.648730566177672,0.7517046258938507,369.0369365609349,23.29634259259259,2023-09-30 19:52:30+00:00,325.81276070852215,2.5000717241458608,6.752996998108441,
2023-09-26 20:07:30,115.95267108875515,19.543303467402996,0.7259823822955617,321.7610746593159,23.30675925925926,2023-09-30 20:07:30+00:00,327.6801436127511,2.3626090740148324,6.75252342306143,
2023-09-26 20:22:30,116.19778171991156,19.437953523605714,0.6999472675663596,270.21689846241793,23.317175925925927,2023-09-30 20:22:30+00:00,327.6801436127511,2.225146468405834,6.752049629212062,
2023-09-26 20:37:30,116.4471684078714,19.33268657560838,0.6735950694279731,416.3489536824941,23.32759259259259,2023-09-30 20:37:30+00:00,329.5934322417127,2.087683907367741,6.751575616573428,
2023-09-26 20:52:30,116.70089792454668,19.22750863771744,0.6469215510567251,424.6610758527507,23.33800925925926,2023-09-30 20:52:30+00:00,331.5381465568217,1.9502213908830444,6.751101385158986,
2023-09-26 21:07:30,116.95903816230202,19.12242590250416,0.6199224537422421,414.3844391815817,23.348425925925927,2023-09-30 21:07:30+00:00,331.5381465568217,1.8127589189673996,6.7506269349820185,
2023-09-26 21:22:30,117.22165814461438,19.01744474589618,0.5925934998289518,395.0202347622172,23.35884259259259,2023-09-30 21:22:30+00:00,333.49866629013485,1.6752964916550324,6.750152266055621,
2023-09-26 21:37:30,117.48882803582585,18.912571732428795,0.5649303959187224,278.8834103350546,23.36925925925926,2023-09-30 21:37:30+00:00,335.4586316205463,1.5378341089574044,6.749677378393282,
2023-09-26 21:52:30,117.76061915037808,18.807813620545147,0.5369288363188586,267.48471836978626,23.379675925925927,2023-09-30 21:52:30+00:00,335.4586316205463,1.4003717708609302,6.749202272008286,
2023-09-26 22:07:30,118.03710396187404,18.70317736793934,0.5085845067493726,272.05808129828785,23.39009259259259,2023-09-30 22:07:30+00:00,337.40138883703355,1.2629094774433531,6.748726946913755,
2023-09-26 22:22:30,118.318356109543,18.598670137346243,0.4798930884333195,285.7133430552898,23.40050925925926,2023-09-30 22:22:30+00:00,337.40138883703355,1.1254472286578372,6.748251403123178,
2023-09-26 22:37:30,118.60445040557262,18.49429930207333,0.4508502624005122,270.76522886982184,23.410925925925927,2023-09-30 22:37:30+00:00,339.310455677029,0.9879850245342712,6.7477756406498735,
2023-09-26 22:52:30,118.8954628404316,18.390072451857968,0.421451714174857,220.3399959725353,23.42134259259259,2023-09-30 22:52:30+00:00,341.16997895582267,0.8505228651212199,6.747299659506965,
2023-09-26 23:07:30,119.19147058648127,18.285997398976267,0.3916931388521698,204.25515393873508,23.43175925925926,2023-09-30 23:07:30+00:00,341.16997895582267,0.7130607504153236,6.746823459707969,
2023-09-26 23:22:30,119.49255200129616,18.18208218424501,0.3615702464827557,216.37619118764735,23.442175925925927,2023-09-30 23:22:30+00:00,342.9651577648245,0.5755986804027194,6.74634704126621,
2023-09-26 23:37:30,119.79878662921266,18.07833508321028,0.331078767862866,214.42071627675085,23.45259259259259,2023-09-30 23:37:30+00:00,344.6826088248193,0.438136655146376,6.745870404194831,394.6577629382303
2023-09-26 23:52:30,120.11025520045102,17.974764612702877,0.3002144608107226,337.0851548949936,23.46300925925926,2023-09-30 23:52:30+00:00,344.6826088248193,0.3006746746136997,6.745393548507356,409.68280467445743
2023-09-27 00:07:30,120.4270396299057,17.871379537137265,0.2689731167789875,207.6398407202666,23.473425925925927,2023-10-01 00:07:30+00:00,346.3106560528159,0.1632127388489347,6.744916474217136,
2023-09-27 00:22:30,120.74922301351424,17.7681888750386,0.2373505679742188,209.5939835000081,23.48384259259259,2023-10-01 00:22:30+00:00,347.83953325932083,0.025750847856672,6.744439181337326,
2023-09-27 00:37:30,121.07688962180706,17.665201906241652,0.205342695005662,203.83487041509312,23.49425925925926,2023-10-01 00:37:30+00:00,347.83953325932083,359.888289001677,6.743961669881463,
2023-09-27 00:52:30,121.41012489271218,17.562428178500298,0.1729454349594781,171.63751884208307,23.504675925925927,2023-10-01 00:52:30+00:00,349.261496216021,359.75082720031025,6.743483939862917,371.6193656093489
2023-09-27 01:07:30,121.74901542133892,17.459877514464104,0.1401547900467799,190.6789633207449,23.51509259259259,2023-10-01 01:07:30+00:00,350.5708472279627,359.61336544374655,6.743005991294854,389.6494156928214
2023-09-27 01:22:30,122.09364894665276,17.357560018921447,0.1069668368539031,177.87315428627,23.52550925925926,2023-10-01 01:22:30+00:00,350.5708472279627,359.4759037320255,6.742527824190829,382.6377295492487
2023-09-27 01:37:30,122.4441143369261,17.25548608588401,0.0733777360938062,182.66949770653355,23.535925925925927,2023-10-01 01:37:30+00:00,351.76388108682175,359.3384420651623,6.742049438564225,384.6410684474123
2023-09-27 01:52:30,122.8005015712092,17.153666405921594,0.0393837430181874,188.6483945734801,23.54634259259259,2023-10-01 01:52:30+00:00,352.83876541276425,359.20098044317547,6.74157083442822,
2023-09-27 02:07:30,123.1629017175386,17.052111973734725,0.0049812185177714,179.1665721185795,23.55675925925926,2023-10-01 02:07:30+00:00,352.83876541276425,359.06351886603244,6.7410920117963995,
2023-09-27 02:22:30,123.53140690897176,16.950834095500703,-0.0298333592112003,190.37784328046743,23.567175925925927,2023-10-01 02:22:30+00:00,353.7953707411583,358.92605733383505,6.7406129706821405,
2023-09-27 02:37:30,123.90611031509432,16.849844396547258,-0.0650633822210782,176.55219015820018,23.57759259259259,2023-10-01 02:37:30+00:00,353.7953707411583,358.78859584652923,6.740133711098652,
2023-09-27 02:52:30,124.28710610958854,16.749154829109113,-0.1007120996328822,174.12905003484775,23.58800925925926,2023-10-01 02:52:30+00:00,354.63506636538125,358.6511344041547,6.7396542330595235,389.6494156928214
2023-09-27 03:07:30,124.67448943488225,16.64877767995132,-0.1367826037666329,173.72838225521502,23.598425925925927,2023-10-01 03:07:30+00:00,355.36049718646404,358.51367300671154,6.7391745365781555,
2023-09-27 03:22:30,125.06835636185816,16.54872557815202,-0.1732778154507406,174.44219329951216,23.60884259259259,2023-10-01 03:22:30+00:00,355.36049718646404,358.3762116542183,6.738694621667767,
2023-09-27 03:37:30,125.46880384409666,16.449011503089384,-0.2102004684529115,177.85370439405483,23.61925925925926,2023-10-01 03:37:30+00:00,355.9753550279448,358.23875034669993,6.738214488341966,
2023-09-27 03:52:30,125.87592966882316,16.349648792161712,-0.2475530931714714,188.22049694474612,23.629675925925927,2023-10-01 03:52:30+00:00,356.4841554591977,358.10128908417084,6.737734136614161,
2023-09-27 04:07:30,126.2898324020558,16.25065114864653,-0.2853379994106721,215.00350045775215,23.64009259259259,2023-10-01 04:07:30+00:00,356.4841554591977,357.96382786663514,6.7372535664975945,372.6210350584307
2023-09-27 04:22:30,126.71061132748524,16.152032649677473,-0.3235572582049081,203.79402564144124,23.65050925925926,2023-10-01 04:22:30+00:00,356.892028505686,357.8263666941175,6.736772778005883,383.63939899833053
2023-09-27 04:37:30,127.13836638078249,16.053807753978226,-0.3622126828000547,206.10661782582625,23.660925925925927,2023-10-01 04:37:30+00:00,357.2045290089038,357.68890556663223,6.736291771152454,
2023-09-27 04:52:30,127.573198077416,15.955991309618687,-0.4013058086577207,183.12851516281185,23.67134259259259,2023-10-01 04:52:30+00:00,357.2045290089038,357.5514444841686,6.735810545950563,
2023-09-27 05:07:30,128.01520743283675,15.8585985618688,-0.4408378724193718,184.86733552684896,23.68175925925926,2023-10-01 05:07:30+00:00,357.42747004161043,357.41398344679504,6.735329102413836,
2023-09-27 05:22:30,128.46449587781785,15.76164516067126,-0.4808097899876885,174.62502228633485,23.692175925925927,2023-10-01 05:22:30+00:00,357.5667808075315,357.27652245446734,6.734847440555722,
2023-09-27 05:37:30,128.92116516509856,15.665147168180514,-0.5212221335219436,173.26741980971525,23.70259259259259,2023-10-01 05:37:30+00:00,357.5667808075315,357.1390615072184,6.734365560389486,399.6661101836394
2023-09-27 05:52:30,129.38531726854876,15.569121066168558,-0.5620751073950194,170.10681232474838,23.71300925925926,2023-10-01 05:52:30+00:00,357.6283889075771,357.0016006050873,6.733883461928779,397.6627712854758
2023-09-27 06:07:30,129.85705427526747,15.473583763105646,-0.6033685231704886,164.22516491887774,23.723425925925927,2023-10-01 06:07:30+00:00,357.6181257303673,356.86413974805873,6.733401145187055,399.6661101836394
2023-09-27 06:22:30,130.33647826882296,15.378552601095045,-0.6451017735023774,160.87707787947488,23.73384259259259,2023-10-01 06:22:30+00:00,357.6181257303673,356.72667893616574,6.732918610177591,
2023-09-27 06:37:30,130.82369120291042,15.28404536267356,-0.687273804931974,170.0465176588813,23.74425925925926,2023-10-01 06:37:30+00:00,357.54165298108245,356.5892181694033,6.732435856914061,
2023-09-27 06:52:30,131.31879476746266,15.190080277113465,-0.7298830897250275,164.99149067215586,23.754675925925927,2023-10-01 06:52:30+00:00,357.54165298108245,356.4517574477708,6.731952885409924,
2023-09-27 07:07:30,131.82189024439745,15.096676026482667,-0.7729275966284316,160.8311587273287,23.76509259259259,2023-10-01 07:07:30+00:00,357.40440793771097,356.31429677135895,6.731469695678487,
2023-09-27 07:22:30,132.3330783528267,15.003851751442244,-0.8164047605462514,161.5527497285119,23.77550925925926,2023-10-01 07:22:30+00:00,357.21156484956344,356.1768361400902,6.730986287733417,
2023-09-27 07:37:30,132.8524590850941,14.911627056434906,-0.8603114512944464,174.09015025041737,23.785925925925927,2023-10-01 07:37:30+00:00,357.21156484956344,356.0393755540365,6.730502661588211,385.64273789649417
2023-09-27 07:52:30,133.38013153210514,14.820022014425168,-0.9046439413698972,157.68027618846946,23.79634259259259,2023-10-01 07:52:30+00:00,356.9680099037415,355.90191501317184,6.730018817256171,383.9732888146912
2023-09-27 08:07:30,133.9161936959066,14.729057171323095,-0.9493978726799778,155.14012026516684,23.80675925925926,2023-10-01 08:07:30+00:00,356.678327322994,355.76445451753506,6.729534754750986,374.6243739565943
2023-09-27 08:22:30,134.46074229317483,14.638753549531536,-0.9945682225261472,173.90476062254297,23.817175925925927,2023-10-01 08:22:30+00:00,356.678327322994,355.6269940671397,6.729050474086162,
2023-09-27 08:37:30,135.01387254566467,14.549132651001631,-1.040149268685195,174.7825664132778,23.82759259259259,2023-10-01 08:37:30+00:00,356.3467943750487,355.48953366200334,6.728565975275024,368.6143572621035
2023-09-27 08:52:30,135.57567795801535,14.460216459665205,-1.086134553692407,191.56291559378624,23.83800925925926,2023-10-01 08:52:30+00:00,355.9773833316267,355.3520733021063,6.72808125833127,368.6143572621035
2023-09-27 09:07:30,136.1462500848026,14.3720274429103,-1.1325168485451742,206.0930029012756,23.848425925925927,2023-10-01 09:07:30+00:00,355.9773833316267,355.2146129875058,6.727596323268426,
2023-09-27 09:22:30,136.7256782842014,14.2845885522841,-1.1792881157985995,208.10185650783433,23.85884259259259,2023-10-01 09:22:30+00:00,355.5737686873111,355.0771527181902,6.727111170099817,
2023-09-27 09:37:30,137.31404945775134,14.197923223437808,-1.2264394721203449,217.3012443708702,23.86925925925926,2023-10-01 09:37:30+00:00,355.1393382151189,354.9396924941687,6.726625798839174,
2023-09-27 09:52:30,137.91144777928534,14.112055374844664,-1.273961150636664,214.19488621386523,23.879675925925927,2023-10-01 09:52:30+00:00,355.1393382151189,354.80223231548376,6.726140209500025,
2023-09-27 10:07:30,138.51795440930798,14.027009405593418,-1.3218424630213728,209.31585004133103,23.89009259259259,2023-10-01 10:07:30+00:00,354.6772066847142,354.6647721821236,6.725654402095709,
2023-09-27 10:22:30,139.1336471960847,13.942810192097,-1.3700717615234612,202.93862866208423,23.90050925925926,2023-10-01 10:22:30+00:00,354.19023129367486,354.5273120940975,6.725168376639968,
2023-09-27 10:37:30,139.75860036466435,13.859483083431138,-1.4186364012354693,209.545201598624,23.910925925925927,2023-10-01 10:37:30+00:00,354.19023129367486,354.3898520514184,6.724682133146355,
2023-09-27 10:52:30,140.39288419221606,13.77705389545432,-1.46752270266708,198.928797504682,23.92134259259259,2023-10-01 10:52:30+00:00,353.68102805891965,354.25239205413277,6.724195671628218,
2023-09-27 11:07:30,141.03656466987218,13.695548903615949,-1.516715914849445,192.69999017971128,23.93175925925926,2023-10-01 11:07:30+00:00,353.68102805891965,354.1149321022204,6.723708992099319,
2023-09-27 11:22:30,141.68970315273802,13.61499483346437,-1.566200179327621,195.56672123441984,23.942175925925927,2023-10-01 11:22:30+00:00,353.15198858379125,353.9774721957089,6.7232220945732095,
2023-09-27 11:37:30,142.35235598809413,13.535418843046951,-1.6159584947320151,189.49551335559264,23.95259259259259,2023-10-01 11:37:30+00:00,352.60529675762353,353.8400123345863,6.722734979063265,
2023-09-27 11:52:30,143.02457417407865,13.456848536744223,-1.6659726847950749,216.42541490719827,23.96300925925926,2023-10-01 11:52:30+00:00,352.60529675762353,353.70255251889046,6.722247645583251,
2023-09-27 12:07:30,143.70640293906308,13.379311924608928,-1.7162233646472078,201.2618167293137,23.973425925925927,2023-10-01 12:07:30+00:00,352.0429450611346,353.56509274866323,6.721760094146743,
2023-09-27 12:22:30,144.39788135885868,13.302837415984955,-1.7666899115254069,205.02477883085984,23.98384259259259,2023-10-01 12:22:30+00:00,351.4667502454728,353.4276330238345,6.721272324767121,
2023-09-27 12:37:30,145.09904195023142,13.227453802227734,-1.8173504370677056,200.4194693421074,23.99425925925926,2023-10-01 12:37:30+00:00,351.4667502454728,353.2901733444856,6.720784337458175,368.61435726210345
2023-09-27 12:52:30,145.80991025832722,13.15319023719282,-1.868181762465991,204.27443797915615,24.004675925925927,2023-10-01 12:52:30+00:00,350.87836822813836,353.15271371062903,6.720296132233483,
2023-09-27 13:07:30,146.53050443519209,13.080076215831768,-1.9191593965860805,223.0818622753899,24.01509259259259,2023-10-01 13:07:30+00:00,350.27930810819595,353.0152541222382,6.71980770910645,
2023-09-27 13:22:30,147.26083481160887,13.008141550682204,-1.9702575175350852,199.1299414882409,24.02550925925926,2023-10-01 13:22:30+00:00,350.27930810819595,352.8777945793507,6.719319068090865,
2023-09-27 13:37:30,148.00090346619083,12.937416346016304,-2.021448958215022,186.2519403684503,24.035925925925927,2023-10-01 13:37:30+00:00,349.6709452488612,352.74033508196436,6.718830209200332,363.6060100166945
2023-09-27 13:52:30,148.7507037904633,12.86793096982785,-2.072705196115159,176.4824869928846,24.04634259259259,2023-10-01 13:52:30+00:00,349.05453341010724,352.6028756301106,6.718341132448272,356.84474123539235
2023-09-27 14:07:30,149.51022005245372,12.799716023536124,-2.123996347820079,194.41528761528113,24.05675925925926,2023-10-01 14:07:30+00:00,349.05453341010724,352.46541622378317,6.717851837848475,362.6669449081803
2023-09-27 14:22:30,150.27942696211664,12.732802309254668,-2.1752911687488092,205.4881112533835,24.067175925925927,2023-10-01 14:22:30+00:00,348.4312159394927,352.3279568629943,6.71736232541457,364.0233722871452
2023-09-27 14:37:30,151.0582892401858,12.66722079467804,-2.2265570585073897,259.93030455289556,24.07759259259259,2023-10-01 14:37:30+00:00,348.4312159394927,352.19049754780445,6.716872595159978,360.26711185308847
2023-09-27 14:52:30,151.84676119036342,12.603002575693276,-2.277760072180071,278.7511584103098,24.08800925925926,2023-10-01 14:52:30+00:00,347.80203604777404,352.05303827814885,6.716382647098519,361.10183639399
2023-09-27 15:07:30,152.64478628271576,12.540178836359845,-2.3288649382542275,328.2588276683804,24.098425925925927,2023-10-01 15:07:30+00:00,347.1679462085399,351.9155790540836,6.715892481243827,356.95206296207965
2023-09-27 15:22:30,153.4522967460631,12.478780806601817,-2.379835083333329,388.1887371171796,24.10884259259259,2023-10-01 15:22:30+00:00,347.1679462085399,351.77811987565406,6.715402097609335,362.0409015025042
2023-09-27 15:37:30,154.269213173311,12.41883971755125,-2.430632664077477,363.6761658535952,24.11925925925926,2023-10-01 15:37:30+00:00,346.52981672936005,351.6406607427809,6.714911496208881,358.1969949916528
2023-09-27 15:52:30,155.09544414553835,12.36038675439814,-2.481218606892037,352.7063470302202,24.129675925925927,2023-10-01 15:52:30+00:00,345.88844354680276,351.5032016555637,6.714420677056107,366.9866444073456
2023-09-27 16:07:30,155.93088587478834,12.30345300700885,-2.531552655517472,346.14892298523233,24.14009259259259,2023-10-01 16:07:30+00:00,345.88844354680276,351.3657426139603,6.7139296401644675,365.4841402337229
2023-09-27 16:22:30,156.7754218694282,12.24806941835225,-2.581593426838263,369.4993067541948,24.15050925925926,2023-10-01 16:22:30+00:00,345.2445552999701,351.2282836180225,6.7134383855478035,374.1235392320534
2023-09-27 16:37:30,157.62892262733547,12.194266730693156,-2.6312984752598214,358.7249240537508,24.160925925925927,2023-10-01 16:37:30+00:00,344.5988197376026,351.0908246677038,6.712946913219778,372.6210350584307
2023-09-27 16:52:30,158.491245358348,12.142075429816105,-2.680624365711406,358.3452890233723,24.17134259259259,2023-10-01 16:52:30+00:00,344.5988197376026,350.9533657630931,6.7124552231938575,375.2921535893155
2023-09-27 17:07:30,159.36223373930483,12.091525687378276,-2.729526755417825,359.45708330452135,24.18175925925926,2023-10-01 17:07:30+00:00,343.95184951283176,350.8159069041546,6.711963315483897,368.44741235392326
2023-09-27 17:22:30,160.2417177073331,12.04264730146405,-2.7779604845699803,344.7824563573033,24.192175925925927,2023-10-01 17:22:30+00:00,343.3042074177335,350.6784480909,6.711471190103571,364.98330550918195
2023-09-27 17:37:30,161.1295132928814,11.995469635601683,-2.8258796757897895,291.8749043891213,24.20259259259259,2023-10-01 17:37:30+00:00,343.3042074177335,350.54098932334534,6.710978847066349,374.6243739565943
2023-09-27 17:52:30,162.0254224949541,11.950021556487949,-2.8732378422212626,369.06088460687494,24.21300925925926,2023-10-01 17:52:30+00:00,342.65641110726204,350.40353060151267,6.710486286386124,362.60434056761267
2023-09-27 18:07:30,162.9292332051491,11.906331370482311,-2.9199880042106834,301.1096163508761,24.223425925925927,2023-10-01 18:07:30+00:00,342.0089373591787,350.26607192542815,6.709993508076564,368.61435726210345
2023-09-27 18:22:30,163.84071918076052,11.864426759254052,-2.9660828141322835,263.24262119714086,24.23384259259259,2023-10-01 18:22:30+00:00,342.0089373591787,350.1286132950786,6.709500512151162,364.6076794657763
2023-09-27 18:37:30,164.75964006943772,11.82433471483728,-3.011474688969592,277.55190689984926,24.24425925925926,2023-10-01 18:37:30+00:00,341.36222591340896,349.9911547104566,6.709007298623809,358.8480801335559
2023-09-27 18:52:30,165.68574149083764,11.786081474287624,-3.056115950245664,264.76943773603256,24.254675925925927,2023-10-01 18:52:30+00:00,341.36222591340896,349.8536961716032,6.708513867508204,
2023-09-27 19:07:30,166.61875517595817,11.74969245428612,-3.099958970662023,256.05977600207467,24.26509259259259,2023-10-01 19:07:30+00:00,340.71668293100186,349.7162376785337,6.708020218817848,
2023-09-27 19:22:30,167.55839916329785,11.715192186128355,-3.1429563265916807,205.42976157673792,24.27550925925926,2023-10-01 19:22:30+00:00,340.07268410962627,349.5787792312555,6.70752635256664,
2023-09-27 19:37:30,168.50437805986317,11.682604251187962,-3.1850609559127747,195.1446585733504,24.285925925925927,2023-10-01 19:37:30+00:00,340.07268410962627,349.4413208297508,6.707032268768295,379.6327212020033
2023-09-27 19:52:30,169.45638336237909,11.65195121740667,-3.2262263200317,178.9098335413391,24.29634259259259,2023-10-01 19:52:30+00:00,339.430577489393,349.30386247406415,6.706537967436321,
2023-09-27 20:07:30,170.41409384080956,11.6232545771082,-3.2664065691644266,214.2094429226705,24.30675925925926,2023-10-01 20:07:30+00:00,338.790685979776,349.16640416420273,6.706043448584652,
2023-09-27 20:22:30,171.37717598703415,11.596534686413053,-3.305556709912761,207.9349076940532,24.317175925925927,2023-10-01 20:22:30+00:00,338.790685979776,349.02894590016325,6.7055487122269835,375.6260434056761
2023-09-27 20:37:30,172.34528452537106,11.571810706714963,-3.34363277385761,199.57724714053757,24.32759259259259,2023-10-01 20:37:30+00:00,338.15330963556505,348.89148768199004,6.705053758376871,
2023-09-27 20:52:30,173.31806298357807,11.54910054856545,-3.3805919859642706,202.6912167528405,24.33800925925926,2023-10-01 20:52:30+00:00,337.51872770712157,348.75402950963183,6.704558587048224,
2023-09-27 21:07:30,174.2951443265572,11.52842081825053,-3.416392931656595,223.7569438342657,24.348425925925927,2023-10-01 21:07:30+00:00,337.51872770712157,348.616571383158,6.7040631982547865,
2023-09-27 21:22:30,175.2761516472703,11.50978676748195,-3.450995721148109,244.6310791209393,24.35884259259259,2023-10-01 21:22:30+00:00,336.8872004877428,348.4791133025835,6.703567592010099,
2023-09-27 21:37:30,176.26069891250026,11.493212246521084,-3.484362149743522,250.489338518289,24.36925925925926,2023-10-01 21:37:30+00:00,336.2589709786676,348.3416552678571,6.7030717683281065,
2023-09-27 21:52:30,177.24839176241062,11.478709661024356,-3.5164558528410743,255.11062126197385,24.379675925925927,2023-10-01 21:52:30+00:00,336.2589709786676,348.20419727904795,6.70257572722255,
2023-09-27 22:07:30,178.2388283589525,11.466289932929982,-3.5472424543181855,272.09906806703157,24.39009259259259,2023-10-01 22:07:30+00:00,335.634266390174,348.06673933614184,6.702079468706991,
2023-09-27 22:22:30,179.23160027618982,11.455962465693498,-3.5766897069489114,258.03256473480906,24.40050925925926,2023-10-01 22:22:30+00:00,335.01329949532084,347.92928143916,6.701582992795381,
2023-09-27 22:37:30,180.2262934342644,11.447735114039444,-3.604767623827048,250.9779835276668,24.410925925925927,2023-10-01 22:37:30+00:00,335.01329949532084,347.7918235880841,6.701086299501486,
2023-09-27 22:52:30,181.22248906475775,11.441614158539302,-3.631448599457904,274.64756982446283,24.42134259259259,2023-10-01 22:52:30+00:00,334.39626985116087,347.65436578295794,6.70058938883887,
2023-09-27 23:07:30,182.2197647050159,11.437604285147437,-3.656707519542084,273.02904841402335,24.43175925925926,2023-10-01 23:07:30+00:00,334.39626985116087,347.51690802378823,6.7000922608214974,
2023-09-27 23:22:30,183.21769521752137,11.435708569851016,-3.6805218585571335,271.65233372146855,24.442175925925927,2023-10-01 23:22:30+00:00,333.7833649006905,347.3794503105856,6.6995949154631464,364.6076794657763
2023-09-27 23:37:30,184.21585382498256,11.43592846857018,-3.702871764199034,282.9573679710086,24.45259259259259,2023-10-01 23:37:30+00:00,333.17476096739335,347.24199264336454,6.6990973527773985,
2023-09-27 23:52:30,185.21381315338084,11.438263812365314,-3.7237401279783944,274.1868167375734,24.46300925925926,2023-10-01 23:52:30+00:00,333.17476096739335,347.10453502210237,6.698599572778229,
2023-09-28 00:07:30,186.21114627738055,11.442712807925105,-3.7431126410774143,277.36816262398116,24.473425925925927,2023-10-02 00:07:30+00:00,332.5706241529669,346.96707744682396,6.698101575479433,
2023-09-28 00:22:30,187.20742776398137,11.449272043324164,-3.760977835676119,294.7485089256645,24.48384259259259,2023-10-02 00:22:30+00:00,331.9711111476832,346.82961991757327,6.697603360894596,
2023-09-28 00:37:30,188.20223475013248,11.457936499849042,-3.777327114368429,300.5494594550788,24.49425925925926,2023-10-02 00:37:30+00:00,331.9711111476832,346.6921624343271,6.697104929037712,
2023-09-28 00:52:30,189.1951479122742,11.468699567869702,-3.7921547573854104,317.90753669684307,24.504675925925927,2023-10-02 00:52:30+00:00,331.37636996181595,346.5547049971104,6.696606279922586,
2023-09-28 01:07:30,190.1857524844911,11.481553068482134,-3.8054579201405265,294.7939548370091,24.51509259259259,2023-10-02 01:07:30+00:00,330.7865405856542,346.41724760590836,6.696107413562821,352.58764607679467
2023-09-28 01:22:30,191.17363923008335,11.496487279956114,-3.817236614357768,303.64081980605977,24.52550925925926,2023-10-02 01:22:30+00:00,330.7865405856542,346.2797902607562,6.695608329972418,
2023-09-28 01:37:30,192.15840537986577,11.51349096892551,-3.8274936746073434,233.94438201152377,24.535925925925927,2023-10-02 01:37:30+00:00,330.2017555848135,346.142332961664,6.695109029165197,
2023-09-28 01:52:30,193.13965553215067,11.532551426108832,-3.8362347107492942,244.97248981765975,24.54634259259259,2023-10-02 01:52:30+00:00,329.6221406368324,346.00487570866045,6.694609511154774,359.0984974958264
2023-09-28 02:07:30,194.11700250637455,11.553654506250057,-3.8434680468803446,237.14475582281148,24.55675925925926,2023-10-02 02:07:30+00:00,329.6221406368324,345.86741850169346,6.694109775955163,
2023-09-28 02:22:30,195.0900681521635,11.576784672092582,-3.8492046475821566,264.2829084889382,24.567175925925927,2023-10-02 02:22:30+00:00,329.0478150144008,345.7299613408165,6.693609823580198,
2023-09-28 02:37:30,196.0584841044606,11.60192504200198,-3.853458032275161,249.4302398880569,24.57759259259259,2023-10-02 02:37:30+00:00,328.47889202000124,345.59250422604356,6.693109654043504,354.59098497495825
2023-09-28 02:52:30,197.02189248296276,11.62905744092862,-3.856244178645863,244.8454430420127,24.58800925925926,2023-10-02 02:52:30+00:00,328.47889202000124,345.45504715738053,6.692609267359108,362.60434056761267
2023-09-28 03:07:30,197.97994653550543,11.658162454428036,-3.85758141617789,225.1042185318611,24.598425925925927,2023-10-02 03:07:30+00:00,327.9154793762433,345.317590134808,6.692108663540855,
2023-09-28 03:22:30,198.93231122007137,11.689219485330147,-3.857490310857937,210.84067988557928,24.60884259259259,2023-10-02 03:22:30+00:00,327.9154793762433,345.1801331583691,6.69160784260239,
2023-09-28 03:37:30,199.8786637243242,11.722206812687595,-3.855993542197507,200.0460314115759,24.61925925925926,2023-10-02 03:37:30+00:00,327.3576795757305,345.0426762280691,6.691106804557752,371.6193656093489
2023-09-28 03:52:30,200.81869392397329,11.75710165272285,-3.853115773732474,215.02439340648652,24.629675925925927,2023-10-02 03:52:30+00:00,326.8055901939138,344.905219343918,6.690605549420792,363.6060100166945
2023-09-28 04:07:30,201.7521047777481,11.793880221360796,-3.8488835181647576,224.67153994521613,24.64009259259259,2023-10-02 04:07:30+00:00,326.8055901939138,344.76776250591496,6.690104077205165,
2023-09-28 04:22:30,202.67861265725264,11.8325177979323,-3.8433249983312385,233.6520660244377,24.65050925925926,2023-10-02 04:22:30+00:00,326.2593041680457,344.6303057140653,6.6896023879249285,
2023-09-28 04:37:30,203.5979476171125,11.87298878984609,-3.836470005137015,235.10640711866057,24.660925925925927,2023-10-02 04:37:30+00:00,325.7189100450584,344.4928489683928,6.689100481593945,352.5876460767946
2023-09-28 04:52:30,204.50985360227008,11.915266797758484,-3.828349753585288,267.21817916592374,24.67134259259259,2023-10-02 04:52:30+00:00,325.7189100450584,344.35539226889705,6.688598358225883,345.57595993322207
2023-09-28 05:07:30,205.41408859410575,11.959324680911118,-3.8189967379971512,259.2308193327003,24.68175925925926,2023-10-02 05:07:30+00:00,325.18449220093055,344.2179356155829,6.688096017834814,349.08180300500834
2023-09-28 05:22:30,206.31042470093684,12.005134622442773,-3.808444587420357,253.0489326871647,24.692175925925927,2023-10-02 05:22:30+00:00,324.6561310338897,344.0804790084889,6.68759346043461,
2023-09-28 05:37:30,207.19864819153264,12.052668194274329,-3.7967279222156822,227.78352269964503,24.70259259259259,2023-10-02 05:37:30+00:00,324.6561310338897,343.94302244758484,6.687090686038951,
2023-09-28 05:52:30,208.07855947419247,12.10189642124076,-3.7838822127292033,222.5184368769956,24.71300925925926,2023-10-02 05:52:30+00:00,324.13390313360674,343.8055659329195,6.686587694661922,
2023-09-28 06:07:30,208.94997302746032,12.152789844378995,-3.769943640835331,197.26275183558357,24.723425925925927,2023-10-02 06:07:30+00:00,323.6178814283779,343.668109464473,6.686084486317407,
2023-09-28 06:22:30,209.81271728287803,12.20531858301093,-3.754948965120625,352.32896251033276,24.73384259259259,2023-10-02 06:22:30+00:00,323.6178814283779,343.5306530422439,6.685581061019104,350.8347245409015
2023-09-28 06:37:30,210.66663446207951,12.25945239534669,-3.738935390383944,306.27745271244953,24.74425925925926,2023-10-02 06:37:30+00:00,323.10813531215297,343.39319666626636,6.6850774187811055,
2023-09-28 06:52:30,211.51158037492496,12.31516073759368,-3.7219404419902378,282.1518064087395,24.754675925925927,2023-10-02 06:52:30+00:00,322.60473075315025,343.255740336564,6.684573559617302,350.5843071786311
2023-09-28 07:07:30,212.34742417981747,12.372412821270895,-3.7040018455951342,240.65740635687308,24.76509259259259,2023-10-02 07:07:30+00:00,322.60473075315025,343.1182840531061,6.68406948354141,346.2437395659432
2023-09-28 07:22:30,213.1740481081912,12.431177668501084,-3.685157412689216,221.4370228698316,24.77550925925926,2023-10-02 07:22:30+00:00,322.1077303857055,342.98082781592683,6.683565190567533,355.34223706176965
2023-09-28 07:37:30,213.99134716148515,12.491424165421073,-3.6654449322037186,236.62155372222313,24.785925925925927,2023-10-02 07:37:30+00:00,322.1077303857055,342.84337162503476,6.683060680709582,355.7595993322204
2023-09-28 07:52:30,214.7992287792921,12.55312111333377,-3.6449020685209623,256.238829421585,24.79634259259259,2023-10-02 07:52:30+00:00,321.61719358691704,342.7059154803994,6.682555953981277,352.8738373479609
2023-09-28 08:07:30,215.59761248295473,12.61623727755279,-3.623566266059027,261.2509522343064,24.80675925925926,2023-10-02 08:07:30+00:00,321.1331765395829,342.5684593820981,6.6820510103967345,357.92988313856426
2023-09-28 08:22:30,216.38642950079603,12.6807414340545,-3.601474660490002,271.6048044915969,24.817175925925927,2023-10-02 08:22:30+00:00,321.1331765395829,342.43100333011046,6.681545849969881,355.84307178631053
2023-09-28 08:37:30,217.16562237570503,12.746602413753648,-3.578663996680629,263.8864908986473,24.82759259259259,2023-10-02 08:37:30+00:00,320.65573228287025,342.29354732440555,6.681040472714444,347.7045075125209
2023-09-28 08:52:30,217.93514455639752,12.813789144202216,-3.5551705534119646,265.63678738491546,24.83800925925926,2023-10-02 08:52:30+00:00,320.1849107521097,342.15609136504617,6.680534878644558,352.58764607679467
2023-09-28 09:07:30,218.6949599801165,12.88227068908228,-3.531030074684584,264.2692425118388,24.848425925925927,2023-10-02 09:07:30+00:00,320.1849107521097,342.0186354520117,6.680029067774154,
2023-09-28 09:22:30,219.44504264636595,12.952016285236372,-3.5062777075900717,315.83611011605035,24.85884259259259,2023-10-02 09:22:30+00:00,319.7207588090657,341.8811795853147,6.67952304011698,
2023-09-28 09:37:30,220.1853761826334,13.022995377136905,-3.480947946642128,274.07836590395755,24.86925925925926,2023-10-02 09:37:30+00:00,319.26332026400377,341.7437237649888,6.67901679568718,351.58597662771285
2023-09-28 09:52:30,220.91595340942396,13.09517764917445,-3.455074584258443,292.558463581034,24.879675925925927,2023-10-02 09:52:30+00:00,319.26332026400377,341.60626799101306,6.678510334498701,347.57929883138564
2023-09-28 10:07:30,221.63677590278135,13.168533055521028,-3.428690667278002,329.3266555370061,24.89009259259259,2023-10-02 10:07:30+00:00,318.812635890839,341.46881226340014,6.6780036565652905,
2023-09-28 10:22:30,222.3478535566088,13.243031847598388,-3.4018284592829415,304.00570530171643,24.90050925925926,2023-10-02 10:22:30+00:00,318.36874343662817,341.3313565821396,6.67749676190112,343.57262103505843
2023-09-28 10:37:30,223.04920414990184,13.318644599473163,-3.3745194083669583,297.3596771317892,24.910925925925927,2023-10-02 10:37:30+00:00,318.36874343662817,341.1939009472978,6.67698965052014,
2023-09-28 10:52:30,223.74085291675297,13.395342230965928,-3.3467941201766056,295.10556810370224,24.92134259259259,2023-10-02 10:52:30+00:00,317.9316776266348,341.0564453588435,6.676482322436116,
2023-09-28 11:07:30,224.4228321223491,13.473096028599548,-3.3186823359146076,285.983461714944,24.93175925925926,2023-10-02 11:07:30+00:00,317.5014701661703,340.9189898167662,6.675974777663222,
2023-09-28 11:22:30,225.09518064716383,13.551877664634258,-3.290212914950913,285.2579541955038,24.942175925925927,2023-10-02 11:22:30+00:00,317.5014701661703,340.78153432110304,6.675467016215428,
2023-09-28 11:37:30,225.75794357914472,13.631659214070549,-3.2614138218131115,316.54313609582766,24.95259259259259,2023-10-02 11:37:30+00:00,317.07814974038445,340.64407887186604,6.674959038106511,361.6026711185309
2023-09-28 11:52:30,226.4111718145992,13.712413169694909,-3.232312117255622,323.15978089755833,24.96300925925926,2023-10-02 11:52:30+00:00,317.07814974038445,340.5066234690447,6.674450843350658,
2023-09-28 12:07:30,227.05492167073692,13.794112455458482,-3.202933953037175,317.5075256661365,24.973425925925927,2023-10-02 12:07:30+00:00,316.66174201314357,340.36916811266144,6.6739424319618506,367.6126878130217
2023-09-28 12:22:30,227.68925450903205,13.87673043810064,-3.1733045701747353,317.4047594353983,24.98384259259259,2023-10-02 12:22:30+00:00,316.25226962609867,340.2317128026991,6.673433803953877,393.6560934891486
2023-09-28 12:37:30,228.3142363691957,13.960240937021029,-3.143448300412779,329.4978810838577,24.99425925925926,2023-10-02 12:37:30+00:00,316.25226962609867,340.0942575392051,6.672924959340932,366.6110183639399
2023-09-28 12:52:30,228.92993761731708,14.04461823283616,-3.113388570503304,331.0291218829025,25.004675925925927,2023-10-02 12:52:30+00:00,315.8497521990031,339.95680232215796,6.672415898137016,
2023-09-28 13:07:30,229.5364326051476,14.129837074295656,-3.083147909174831,326.17057074290483,25.01509259259259,2023-10-02 13:07:30+00:00,315.454206332292,339.8193471515844,6.6719066203559265,
2023-09-28 13:22:30,230.13379934254348,14.215872683857697,-3.052747956448488,331.12302180046663,25.02550925925926,2023-10-02 13:22:30+00:00,315.454206332292,339.6818920274585,6.671397126011875,
2023-09-28 13:37:30,230.722119183902,14.302700762094585,-3.022209475025441,364.4540253172763,25.035925925925927,2023-10-02 13:37:30+00:00,315.06564561288195,339.5444369498318,6.670887415118873,354.09015025041737
2023-09-28 13:52:30,231.30147650948896,14.390297493618652,-2.9915523627679264,341.2960995598726,25.04634259259259,2023-10-02 13:52:30+00:00,314.6840806240899,339.4069819186721,6.670377487690724,356.3439065108514
2023-09-28 14:07:30,231.8719584848215,14.478639541074624,-2.960795669972389,327.6716513337833,25.05675925925926,2023-10-02 14:07:30+00:00,314.6840806240899,339.269526934012,6.669867343741659,365.60934891485806
2023-09-28 14:22:30,232.43365474774149,14.567704052819758,-2.9299576137666574,310.18029380965606,25.067175925925927,2023-10-02 14:22:30+00:00,314.3095189605029,339.13207199584446,6.6693569832856845,355.59265442404006
2023-09-28 14:37:30,232.9866571514171,14.657468662096386,-2.8990555959752524,319.9273870690633,25.07759259259259,2023-10-02 14:37:30+00:00,313.9419652485569,338.99461710420996,6.668846406336642,362.60434056761267
2023-09-28 14:52:30,233.53105951911093,14.747911485312404,-2.8681062220320683,284.52868919015475,25.08800925925926,2023-10-02 14:52:30+00:00,313.9419652485569,338.8571622590537,6.668335612908751,359.0984974958264
2023-09-28 15:07:30,234.0669574087358,14.839011120368854,-2.8371253205122193,237.62009008725232,25.098425925925927,2023-10-02 15:07:30+00:00,313.5814211735043,338.7197074604557,6.667824603016057,373.6227045075125
2023-09-28 15:22:30,234.5944478900823,14.930746644245788,-2.806127963382308,248.36893844600752,25.10884259259259,2023-10-02 15:22:30+00:00,313.22788551336,338.58225270836897,6.667313376672386,
2023-09-28 15:37:30,235.1136293319251,15.023097609637528,-2.775128486913279,248.04863451664724,25.11925925925926,2023-10-02 15:37:30+00:00,313.22788551336,338.44479800281124,6.666801933891987,
2023-09-28 15:52:30,235.6246012039424,15.1160440413077,-2.7441405129141674,235.8844028072678,25.129675925925927,2023-10-02 15:52:30+00:00,312.8813541803274,338.30734334380435,6.666290274688907,
2023-09-28 16:07:30,236.1274638884436,15.20956643168695,-2.7131769703471087,234.9819278084834,25.14009259259259,2023-10-02 16:07:30+00:00,312.8813541803274,338.1698887313592,6.665778399076993,372.6210350584307
2023-09-28 16:22:30,236.62231850309428,15.303645735881792,-2.682250117167189,247.48878653176985,25.15050925925926,2023-10-02 16:22:30+00:00,312.54182027010216,338.0324341654789,6.665266307070502,
2023-09-28 16:37:30,237.10926673541096,15.398263366400425,-2.6513715622061036,251.35004622028453,25.160925925925927,2023-10-02 16:37:30+00:00,312.20927411935253,337.8949796461267,6.66475399868349,352.5876460767946
2023-09-28 16:52:30,237.58841068718544,15.493401187370534,-2.620552287096573,230.6776666612639,25.17134259259259,2023-10-02 16:52:30+00:00,312.20927411935253,337.75752517337213,6.664241473929818,
2023-09-28 17:07:30,238.0598527285198,15.589041508343527,-2.589802668138661,219.85185665429435,25.18175925925926,2023-10-02 17:07:30+00:00,311.8837033715643,337.620070747203,6.66372873282376,372.6210350584307
2023-09-28 17:22:30,238.5236953622806,15.685167077887144,-2.5591324979840357,217.56649431901064,25.192175925925927,2023-10-02 17:22:30+00:00,311.5650930513267,337.4826163675973,6.663215775379381,
2023-09-28 17:37:30,238.98004109737107,15.781761076844669,-2.52855100712504,230.93051526006127,25.20259259259259,2023-10-02 17:37:30+00:00,311.5650930513267,337.3451620346094,6.662702601610557,
2023-09-28 17:52:30,239.4289923304328,15.878807111252168,-2.498066885146138,315.54773829398204,25.21300925925926,2023-10-02 17:52:30+00:00,311.25342564702373,337.20770774818385,6.662189211531561,
2023-09-28 18:07:30,239.8706512367673,15.97628920523346,-2.467688301597392,314.5456018931228,25.223425925925927,2023-10-02 18:07:30+00:00,310.94868120177625,337.07025350838563,6.661675605156488,368.61435726210345
2023-09-28 18:22:30,240.305119668976,16.07419179361916,-2.4374229265363825,311.82261698299754,25.23384259259259,2023-10-02 18:22:30+00:00,310.94868120177625,336.93279931522517,6.661161782499211,366.61101836393993
2023-09-28 18:37:30,240.73249906277476,16.172499714335647,-2.407277950697796,310.4762840027497,25.24425925925926,2023-10-02 18:37:30+00:00,310.65083741236515,336.795345168647,6.660647743574025,
2023-09-28 18:52:30,241.15289035084032,16.271198200847792,-2.3772601051782223,300.44680276255724,25.254675925925927,2023-10-02 18:52:30+00:00,310.3598697357497,336.6578910687157,6.660133488395032,363.1051752921536
2023-09-28 19:07:30,241.56639388326013,16.37027287443335,-2.3473756806864774,303.9819818039929,25.26509259259259,2023-10-02 19:07:30+00:00,310.3598697357497,336.5204370153981,6.659619016976122,
2023-09-28 19:22:30,241.9731093542724,16.4697097363217,-2.3176305463380387,291.7566891641712,25.27550925925926,2023-10-02 19:22:30+00:00,310.07575150267877,336.38298300872583,6.6591043293315995,359.5993322203673
2023-09-28 19:37:30,242.3731357354941,16.56949515988475,-2.2880301679207022,291.5209559792637,25.285925925925927,2023-10-02 19:37:30+00:00,309.79845403778097,336.2455290486907,6.658589425475574,364.6076794657763
2023-09-28 19:52:30,242.76657121543676,16.66961588285054,-2.258579625637821,272.2907110556429,25.29634259259259,2023-10-02 19:52:30+00:00,309.79845403778097,336.10807513531745,6.6580743054219536,
2023-09-28 20:07:30,243.15351314330664,16.770058999309146,-2.229283631392431,269.0612759268041,25.30675925925926,2023-10-02 20:07:30+00:00,309.5279467854105,335.97062126860834,6.657558969185052,
2023-09-28 20:22:30,243.53405797928036,16.870811951918107,-2.2001465454881135,265.8711020424988,25.317175925925927,2023-10-02 20:22:30+00:00,309.5279467854105,335.83316744855506,6.657043416778991,
2023-09-28 20:37:30,243.9083012495011,16.97186252415296,-2.1711723927943805,275.15167555682234,25.32759259259259,2023-10-02 20:37:30+00:00,309.26419744042016,335.6957136751534,6.656527648217687,351.58597662771285
2023-09-28 20:52:30,244.27633750472373,17.073198832363598,-2.1423648784507305,350.208924258878,25.33800925925926,2023-10-02 20:52:30+00:00,309.00717208293435,335.5582599484343,6.656011663515477,
2023-09-28 21:07:30,244.63826028438004,17.174809318151958,-2.113727402960793,321.05159083910075,25.348425925925927,2023-10-02 21:07:30+00:00,309.00717208293435,335.4208062684039,6.655495462686486,
2023-09-28 21:22:30,244.9941620848167,17.27668274076445,-2.085263076774373,312.357489018915,25.35884259259259,2023-10-02 21:22:30+00:00,308.7568353161003,335.2833526350578,6.654979045744643,
2023-09-28 21:37:30,245.3441343298951,17.378808169319313,-2.056974734415883,337.1833314423716,25.36925925925926,2023-10-02 21:37:30+00:00,308.51315040571194,335.1458990484122,6.654462412704299,345.57595993322207
2023-09-28 21:52:30,245.6882673469845,17.481174975478172,-2.028864947993079,352.8657795354717,25.379675925925927,2023-10-02 21:52:30+00:00,308.51315040571194,335.0084455084732,6.653945563579587,348.58096828046746
2023-09-28 22:07:30,246.0266503451979,17.583772825973842,-2.000936040265194,327.09661733957887,25.39009259259259,2023-10-02 22:07:30+00:00,308.2760794205189,334.8709920152071,6.653428498384459,342.5709515859767
2023-09-28 22:22:30,246.35937139678353,17.686591675249215,-1.9731900972066556,345.0605377895198,25.40050925925926,2023-10-02 22:22:30+00:00,308.0455833719668,334.7335385686736,6.652911217133264,336.3105175292154
2023-09-28 22:37:30,246.68651742233615,17.789621758379674,-1.9456289800311624,286.8372854433765,25.410925925925927,2023-10-02 22:37:30+00:00,308.0455833719668,334.5960851688496,6.652393719840154,343.2387312186978
2023-09-28 22:52:30,247.00817417752808,17.892853583896585,-1.9182543367958669,263.39822033486234,25.42134259259259,2023-10-02 22:52:30+00:00,307.82162235205004,334.45863181577374,6.651876006519091,347.9131886477462
2023-09-28 23:07:30,247.32442624272048,17.9962779267742,-1.8910676135209976,258.73219119244044,25.43175925925926,2023-10-02 23:07:30+00:00,307.6041556679085,334.32117850938965,6.651358077184435,348.8313856427379
2023-09-28 23:22:30,247.63535701569697,18.099885821672807,-1.8640700648185673,273.9555986285957,25.442175925925927,2023-10-02 23:22:30+00:00,307.6041556679085,334.1837252497608,6.650839931850361,350.5843071786311
2023-09-28 23:37:30,247.9410487057698,18.203668556209166,-1.8372627641010228,293.51527908833566,25.45259259259259,2023-10-02 23:37:30+00:00,307.3931419717559,334.046272036868,6.650321570530827,352.9215358931553
2023-09-28 23:52:30,248.24158232968296,18.307617664248884,-1.8106466133858237,286.0736887059828,25.46300925925926,2023-10-02 23:52:30+00:00,307.1885393846966,333.9088188707125,6.649802993240216,346.5776293823038
2023-09-29 00:07:30,248.5370377101479,18.41172491950712,-1.784222352635619,288.24904252185013,25.473425925925927,2023-10-03 00:07:30+00:00,307.1885393846966,333.7713657513142,6.6492841999927075,350.5843071786311
2023-09-29 00:22:30,248.8274934760075,18.51598232931592,-1.757990568688253,285.69709205264587,25.48384259259259,2023-10-03 00:22:30+00:00,306.99030561296445,333.63391267865364,6.648765190802276,
2023-09-29 00:37:30,249.11302706287327,18.620382128140022,-1.7319517038615346,297.62804674457425,25.49425925925926,2023-10-03 00:37:30+00:00,306.99030561296445,333.4964596527757,6.648245965683317,348.58096828046746
2023-09-29 00:52:30,249.3937147168436,18.72491677168966,-1.706106064090458,303.6773351175435,25.504675925925927,2023-10-03 00:52:30+00:00,306.7983980551055,333.35900667364194,6.647726524650024,
2023-09-29 01:07:30,249.66963149849772,18.829578930945793,-1.6804538267460882,316.411072718096,25.51509259259259,2023-10-03 01:07:30+00:00,306.612773898629,333.2215537413199,6.647206867716377,
2023-09-29 01:22:30,249.9408512881512,18.934361486262414,-1.654995048109213,307.09548339320395,25.52550925925926,2023-10-03 01:22:30+00:00,306.612773898629,333.084100855738,6.646686994896789,
2023-09-29 01:37:30,250.20744679273753,19.03925752177672,-1.62972967046069,324.9944132609467,25.535925925925927,2023-10-03 01:37:30+00:00,306.4333902046588,332.94664801694483,6.646166906205458,340.56761268781304
2023-09-29 01:52:30,250.46948955354367,19.144260319866294,-1.6046575288636316,362.96681239159943,25.54634259259259,2023-10-03 01:52:30+00:00,306.26020397914397,332.8091952249353,6.645646601656389,344.5742904841402
2023-09-29 02:07:30,250.7270499542636,19.249363355597367,-1.5797783576602735,387.8281985126726,25.55675925925926,2023-10-03 02:07:30+00:00,306.26020397914397,332.6717424797246,6.645126081263993,345.57595993322207
2023-09-29 02:22:30,250.98019723073628,19.354560291552815,-1.5550917966060562,385.22604340567614,25.567175925925927,2023-10-03 02:22:30+00:00,306.0931722292198,332.53428978128875,6.644605345042491,344.5742904841402
2023-09-29 02:37:30,251.2289994814255,19.45984497269868,-1.5305973967315634,380.5540880370237,25.57759259259259,2023-10-03 02:37:30+00:00,305.93225200336116,332.39683712968053,6.644084393005893,
2023-09-29 02:52:30,251.47352367734857,19.56521142117959,-1.506294625970172,400.39567257765566,25.58800925925926,2023-10-03 02:52:30+00:00,305.93225200336116,332.2593845248714,6.643563225168626,335.559265442404
2023-09-29 03:07:30,251.71383567424715,19.670653831539468,-1.4821828744448258,397.9101956115438,25.598425925925927,2023-10-03 03:07:30+00:00,305.77740041403285,332.1219319668809,6.643041841544923,339.81636060100163
2023-09-29 03:22:30,251.95000022464583,19.776166565986472,-1.458261459515496,403.9527305334218,25.60884259259259,2023-10-03 03:22:30+00:00,305.6285746416177,331.98447945568876,6.642520242148799,339.5659432387312
2023-09-29 03:37:30,252.18208098963063,19.881744149531524,-1.4345296306357145,404.0654424040066,25.61925925925926,2023-10-03 03:37:30+00:00,305.6285746416177,331.8470269913392,6.641998426994705,
2023-09-29 03:52:30,252.41014055227504,19.987381265589136,-1.4109865738910878,396.19970291693505,25.629675925925927,2023-10-03 03:52:30+00:00,305.4857319184985,331.70957457377864,6.641476396096878,350.5843071786311
2023-09-29 04:07:30,252.63424043121225,20.093072751607057,-1.387631416334148,398.73282780537846,25.64009259259259,2023-10-03 04:07:30+00:00,305.3488294922779,331.5721222030742,6.640954149469343,346.5776293823038
2023-09-29 04:22:30,252.85444109332605,20.198813594556892,-1.364463230155086,402.58332280228,25.65050925925926,2023-10-03 04:22:30+00:00,305.3488294922779,331.43466987919714,6.640431687126572,344.5742904841402
2023-09-29 04:37:30,253.07080196837435,20.304598926873112,-1.3414810365712877,385.217425868511,25.660925925925927,2023-10-03 04:37:30+00:00,305.2178245672528,331.29721760215193,6.639909009082802,338.8146911519199
2023-09-29 04:52:30,253.28338146314184,20.41042402244427,-1.3186838095312403,377.7990866319899,25.67134259259259,2023-10-03 04:52:30+00:00,305.2178245672528,331.15976537197645,6.639386115352086,
2023-09-29 05:07:30,253.49223697502845,20.516284292382412,-1.2960704792988338,375.6669278729856,25.68175925925926,2023-10-03 05:07:30+00:00,305.0926742234065,331.02231318862715,6.6388630059488944,346.07679465776295
2023-09-29 05:22:30,253.69742490729976,20.622175281425505,-1.273639935742988,374.608282881107,25.692175925925927,2023-10-03 05:22:30+00:00,304.9733353123526,330.8848610521084,6.638339680887482,341.5692821368948
2023-09-29 05:37:30,253.8990006835126,20.72809266406102,-1.251391031535882,384.4395130094873,25.70259259259259,2023-10-03 05:37:30+00:00,304.9733353123526,330.74740896250154,6.637816140181913,345.57595993322207
2023-09-29 05:52:30,254.09701876171184,20.83403224079329,-1.2293225851760778,395.8381534923351,25.71300925925926,2023-10-03 05:52:30+00:00,304.8597643298603,330.6099569197048,6.637292383846665,340.0667779632721
2023-09-29 06:07:30,254.29153264983145,20.93998993470615,-1.2074333838119218,387.78680721312384,25.723425925925927,2023-10-03 06:07:30+00:00,304.7519172648083,330.47250492378066,6.636768411896011,342.5709515859767
2023-09-29 06:22:30,254.4825949203316,21.04596178801055,-1.1857221859394962,374.8421281846556,25.73384259259259,2023-10-03 06:22:30+00:00,304.7519172648083,330.33505297475176,6.636244224344027,336.0601001669449
2023-09-29 06:37:30,254.67025722460536,21.151943958520683,-1.1641877239882803,383.5329223246092,25.74425925925926,2023-10-03 06:37:30+00:00,304.6497494246584,330.19760107257474,6.635719821205198,
2023-09-29 06:52:30,254.85457030833783,21.25793271654512,-1.1428287067064278,386.41173609559235,25.754675925925927,2023-10-03 06:52:30+00:00,304.55321523781305,330.06014921728257,6.635195202493818,
2023-09-29 07:07:30,255.0355840261171,21.363924441688994,-1.1216438214498616,386.7315090368005,25.76509259259259,2023-10-03 07:07:30+00:00,304.55321523781305,329.9226974088543,6.634670368223965,325.54257095158596
2023-09-29 07:22:30,255.21334735590787,21.469915619657208,-1.1006317363651508,388.48542036463937,25.77550925925926,2023-10-03 07:22:30+00:00,304.4622680335213,329.7852456473336,6.634145318410142,324.9415692821369
2023-09-29 07:37:30,255.38790841398793,21.57590283934687,-1.0797911024135685,386.624766768143,25.785925925925927,2023-10-03 07:37:30+00:00,304.3768598003276,329.64779393270965,6.633620053066651,325.66777963272125
2023-09-29 07:52:30,255.55931446968845,21.681882789968306,-1.059120555292554,382.6850525153471,25.79634259259259,2023-10-03 07:52:30+00:00,304.3768598003276,329.5103422649615,6.633094572207588,330.550918196995
2023-09-29 08:07:30,255.72761195930715,21.787852258021857,-1.038618717294652,385.42809444311945,25.80675925925926,2023-10-03 08:07:30+00:00,304.2969409244147,329.37289064410317,6.632568875847471,323.93989983305505
2023-09-29 08:22:30,255.8928465011787,21.89380812475654,-1.018284198984713,405.30295590690366,25.817175925925927,2023-10-03 08:22:30+00:00,304.22245990958066,329.2354390701533,6.632042964000602,318.4056761268781
2023-09-29 08:37:30,256.0550629096511,21.999747363427836,-0.998115600835552,390.4450966664872,25.82759259259259,2023-10-03 08:37:30+00:00,304.22245990958066,329.0979875431195,6.631516836681093,324.14023372287147
2023-09-29 08:52:30,256.21430520905943,22.105667036596408,-0.978111514775484,396.33973288814695,25.83800925925926,2023-10-03 08:52:30+00:00,304.15336308100586,328.9605360629578,6.630990493903473,322.13689482470784
2023-09-29 09:07:30,256.3706166478969,22.21156429370759,-0.9582705256092188,415.9376739009461,25.848425925925927,2023-10-03 09:07:30+00:00,304.15336308100586,328.82308462972986,6.630463935682063,
2023-09-29 09:22:30,256.5240397129571,22.31743636866839,-0.9385912123699506,414.2879903573729,25.85884259259259,2023-10-03 09:22:30+00:00,304.08959427540094,328.6856332434146,6.629937162030986,329.1736227045075
2023-09-29 09:37:30,256.67461614249544,22.42328057733802,-0.9190721496197514,420.45269247194943,25.86925925925926,2023-10-03 09:37:30+00:00,304.03109452059573,328.5481819040401,6.6294101729647785,328.54757929883135
2023-09-29 09:52:30,256.82238694013125,22.529094315311426,-0.8997119086324404,413.8531794235528,25.879675925925927,2023-10-03 09:52:30+00:00,304.03109452059573,328.41073061155197,6.6288829684977735,326.5442404006678
2023-09-29 10:07:30,256.9673923882618,22.63487505567719,-0.8805090585233909,412.3915994881222,25.89009259259259,2023-10-03 10:07:30+00:00,303.9778017081051,328.2732793660159,6.62835554864411,328.54757929883135
2023-09-29 10:22:30,257.10967206092425,22.74062034673115,-0.8614621673278784,396.9455759599332,25.90050925925926,2023-10-03 10:22:30+00:00,303.9296502627052,328.13582816738744,6.627827913418335,328.9232053422371
2023-09-29 10:37:30,257.2492648372441,22.846327809961497,-0.8425698029792643,377.06939387167586,25.910925925925927,2023-10-03 10:37:30+00:00,303.9296502627052,327.998377015699,6.627300062834797,330.0500834724541
2023-09-29 10:52:30,257.386208914156,22.95199513801543,-0.8238305342385556,371.1503299149376,25.92134259259259,2023-10-03 10:52:30+00:00,303.88657081355404,327.86092591094354,6.626771996907636,328.54757929883135
2023-09-29 11:07:30,257.5205418188461,23.05762009253473,-0.8052429315998157,373.8556508910199,25.93175925925926,2023-10-03 11:07:30+00:00,303.8484898718936,327.72347485311997,6.62624371565142,328.54757929883135
2023-09-29 11:22:30,257.6523004214999,23.163200502375123,-0.7868055680821128,375.77864148580966,25.942175925925927,2023-10-03 11:22:30+00:00,303.8484898718936,327.58602384226083,6.62571521908051,
2023-09-29 11:37:30,257.7815209475966,23.268734261681654,-0.7685170200038782,385.0960099501826,25.95259259259259,2023-10-03 11:37:30+00:00,303.8153295208634,327.44857287832957,6.625186507209058,351.58597662771285
2023-09-29 11:52:30,257.9082389897846,23.374219327978658,-0.7503758677143241,392.1314640867308,25.96300925925926,2023-10-03 11:52:30+00:00,303.7870071234312,327.31112196135433,6.6246575800516405,
2023-09-29 12:07:30,258.032489520073,23.479653720485732,-0.7323806962478159,397.62713877542944,25.973425925925927,2023-10-03 12:07:30+00:00,303.7870071234312,327.17367109130896,6.6241284376226375,
2023-09-29 12:22:30,258.1543069014589,23.585035518389965,-0.7145300959488899,386.87650148621685,25.98384259259259,2023-10-03 12:22:30+00:00,303.7634350548951,327.0362202682297,6.623599079936207,
2023-09-29 12:37:30,258.27372489939927,23.690362859077737,-0.6968226630709408,381.6869261268781,25.99425925925926,2023-10-03 12:37:30+00:00,303.7445204668162,326.8987694921154,6.623069507006937,
2023-09-29 12:52:30,258.3907766931472,23.79563393659109,-0.6792570003034613,397.8857992487479,26.004675925925927,2023-10-03 12:52:30+00:00,303.7445204668162,326.76131876296904,6.622539718849222,353.5893155258765
2023-09-29 13:07:30,258.5054948871303,23.900847000029216,-0.661831717279692,376.47241526575306,26.01509259259259,2023-10-03 13:07:30+00:00,303.7301650895975,326.6238680807683,6.622009715477232,
2023-09-29 13:22:30,258.61791152152404,24.00600035196693,-0.6445454310518222,380.8370630687982,26.02550925925926,2023-10-03 13:22:30+00:00,303.7301650895975,326.4864174455266,6.621479496905571,
2023-09-29 13:37:30,258.7280580833435,24.111092347002472,-0.6273967665173681,355.5033583103622,26.035925925925927,2023-10-03 13:37:30+00:00,303.72026508121513,326.3489668572611,6.620949063148635,
2023-09-29 13:52:30,258.8359655170561,24.216121390378227,-0.6103843568095664,355.23797769304224,26.04634259259259,2023-10-03 13:52:30+00:00,303.71471092981835,326.2115163159786,6.620418414220617,340.56761268781304
2023-09-29 14:07:30,258.94166423463673,24.321085936397868,-0.5935068436955087,357.8095275070854,26.05675925925926,2023-10-03 14:07:30+00:00,303.71471092981835,326.074065821634,6.6198875501361325,337.56260434056765
2023-09-29 14:22:30,259.0451841259837,24.425984487183634,-0.5767628778977154,359.82538991704723,26.067175925925927,2023-10-03 14:22:30+00:00,303.7133874180395,325.93661537428835,6.619356470909587,340.56761268781304
2023-09-29 14:37:30,259.14655456913164,24.53081559141808,-0.5601511193964224,358.6093100904609,26.07759259259259,2023-10-03 14:37:30+00:00,303.7161736568702,325.79916497391883,6.618825176555183,
2023-09-29 14:52:30,259.245804439598,24.63557784282743,-0.5436702377536208,345.26805376015795,26.08800925925926,2023-10-03 14:52:30+00:00,303.7161736568702,325.66171462053865,6.618293667087549,
2023-09-29 15:07:30,259.3429621205141,24.74026987914056,-0.5273189123418933,342.1784054505257,26.098425925925927,2023-10-03 15:07:30+00:00,303.72294319686716,325.5242643141503,6.617761942521108,343.57262103505843
2023-09-29 15:22:30,259.43805551193213,24.844890380838464,-0.5110958325903333,342.51065692010957,26.10884259259259,2023-10-03 15:22:30+00:00,303.73356422422756,325.3868140547164,6.61723000287007,
2023-09-29 15:37:30,259.5311120399315,24.949438069846487,-0.4949996982211364,350.5065076097703,26.11925925925926,2023-10-03 15:37:30+00:00,303.73356422422756,325.24936384229363,6.616697848149072,
2023-09-29 15:52:30,259.6221586659553,25.053911708508437,-0.4790292194280507,306.26967275556353,26.129675925925927,2023-10-03 15:52:30+00:00,303.74789984891754,325.1119136768406,6.6161654783725625,
2023-09-29 16:07:30,259.7112218957642,25.158310098484304,-0.4631831170517521,299.239978433576,26.14009259259259,2023-10-03 16:07:30+00:00,303.7658084915428,324.9744635583927,6.61563289355475,332.5542570951586
2023-09-29 16:22:30,259.7983277880763,25.262632079558404,-0.4474601227549193,298.2191414358617,26.15050925925926,2023-10-03 16:22:30+00:00,303.7658084915428,324.8370134869337,6.615100093710297,334.5575959933222
2023-09-29 16:37:30,259.88350196311114,25.36687652866076,-0.4318589791527186,299.52255055442595,26.160925925925927,2023-10-03 16:37:30+00:00,303.787144375002,324.69956346249455,6.614567078853648,
2023-09-29 16:52:30,259.9667696114311,25.471042358902896,-0.4163784399286747,311.7053496240046,26.17134259259259,2023-10-03 16:52:30+00:00,303.81175812617386,324.5621134850237,6.614033848999036,
2023-09-29 17:07:30,260.0481555015569,25.57512851842477,-0.4010172699680582,311.95962141831717,26.18175925925926,2023-10-03 17:07:30+00:00,303.81175812617386,324.42466355457697,6.613500404161134,
2023-09-29 17:22:30,260.1276839886977,25.6791339895868,-0.385774245429075,331.23777724779393,26.192175925925927,2023-10-03 17:22:30+00:00,303.83949749194517,324.287213671113,6.612966744354392,
2023-09-29 17:37:30,260.2053790223337,25.783057787962253,-0.3706481538345058,315.6722707509288,26.20259259259259,2023-10-03 17:37:30+00:00,303.83949749194517,324.14976383466677,6.612432869593066,
2023-09-29 17:52:30,260.2812641541108,25.886898961435033,-0.3556377941380191,319.5713786543464,26.21300925925926,2023-10-03 17:52:30+00:00,303.87020817280103,324.0123140452362,6.611898779891837,
2023-09-29 18:07:30,260.35536254535873,25.990656589281176,-0.3407419767845001,320.53422370617693,26.223425925925927,2023-10-03 18:07:30+00:00,303.90373477596887,323.87486430279404,6.611364475265167,
2023-09-29 18:22:30,260.42769697492423,26.0943297814353,-0.3259595237365246,336.28628359093113,26.23384259259259,2023-10-03 18:22:30+00:00,303.90373477596887,323.73741460739006,6.610829955727317,
2023-09-29 18:37:30,260.4982898460143,26.1979176774615,-0.3112892685354379,327.32374969956413,26.24425925925926,2023-10-03 18:37:30+00:00,303.939921888756,323.59996495897815,6.610295221292986,333.5559265442404
2023-09-29 18:52:30,260.56716319373584,26.301419445920644,-0.2967300562985414,330.725121579444,26.254675925925927,2023-10-03 18:52:30+00:00,303.97861527124036,323.4625153575746,6.609760271976651,
2023-09-29 19:07:30,260.6343386920389,26.404834283506023,-0.2822807437441962,327.44847118738755,26.26509259259259,2023-10-03 19:07:30+00:00,303.97861527124036,323.3250658031999,6.609225107792592,
2023-09-29 19:22:30,260.6998376605053,26.508161414230045,-0.2679401992027341,322.3348901866275,26.27550925925926,2023-10-03 19:22:30+00:00,304.0196631659016,323.18761629582235,6.608689728755504,
2023-09-29 19:37:30,260.76368107124426,26.611400088759343,-0.2537073026014453,321.653276293823,26.285925925925927,2023-10-03 19:37:30+00:00,304.0629177201107,323.0501668354728,6.608154134879889,342.5709515859767
2023-09-29 19:52:30,260.8258895555126,26.714549583701217,-0.239580945452223,317.83204565749116,26.29634259259259,2023-10-03 19:52:30+00:00,304.0629177201107,322.91271742215673,6.607618326180027,
2023-09-29 20:07:30,260.88648341009673,26.817609200797033,-0.2255600308463358,318.17620807701553,26.30675925925926,2023-10-03 20:07:30+00:00,304.10823651567034,322.7752680558572,6.6070823026706424,348.330550918197
2023-09-29 20:22:30,260.9454826036861,26.920578266314603,-0.2116434734187622,329.05242070116867,26.317175925925927,2023-10-03 20:22:30+00:00,304.15548419781794,322.63781873659013,6.606546064366236,
2023-09-29 20:37:30,261.00290678327946,27.02345613045083,-0.1978301993065171,320.90984974958263,26.32759259259259,2023-10-03 20:37:30+00:00,304.15548419781794,322.5003694643321,6.606009611281109,358.59766277128546
2023-09-29 20:52:30,261.0587752800073,27.126242166507925,-0.18411914613498,314.66319463859224,26.33800925925926,2023-10-03 20:52:30+00:00,304.2045341943004,322.3629202390947,6.605472943429987,
2023-09-29 21:07:30,261.11310711517706,27.228935770370363,-0.1705092629593821,320.70898305686785,26.348425925925927,2023-10-03 21:07:30+00:00,304.2552705133246,322.2254710609085,6.604936060827398,
2023-09-29 21:22:30,261.16592100643663,27.331536360005888,-0.1569995102017619,323.51981985479676,26.35884259259259,2023-10-03 21:22:30+00:00,304.2552705133246,322.08802192972064,6.604398963487645,
2023-09-29 21:37:30,261.21723537297527,27.434043374600098,-0.1435888596326689,334.7680635040242,26.36925925925926,2023-10-03 21:37:30+00:00,304.307589607394,321.9505728455866,6.603861651425468,
2023-09-29 21:52:30,261.2670683415051,27.53645627421313,-0.1302762942824276,328.7067593275615,26.379675925925927,2023-10-03 21:52:30+00:00,304.307589607394,321.81312380847834,6.603324124655408,
2023-09-29 22:07:30,261.3154377517769,27.638774539184052,-0.1170608083831778,325.5873610489027,26.39009259259259,2023-10-03 22:07:30+00:00,304.361402288291,321.6756748184011,6.6027863831917815,
2023-09-29 22:22:30,261.3623611616969,27.740997669452423,-0.10394140731973,321.55616986475434,26.40050925925926,2023-10-03 22:22:30+00:00,304.4166356767619,321.538225875381,6.602248427049344,
2023-09-29 22:37:30,261.4078558528165,27.843125184156083,-0.0909171075432762,311.028107806136,26.410925925925927,2023-10-03 22:37:30+00:00,304.4166356767619,321.40077697936107,6.601710256242641,372.6210350584307
2023-09-29 22:52:30,261.45193883549825,27.94515662111479,-0.077986936498144,327.0606048841092,26.42134259259259,2023-10-03 22:52:30+00:00,304.47323516883233,321.2633281304044,6.601171870786005,372.6210350584307
2023-09-29 23:07:30,261.4946268537934,28.04709153621033,-0.0651499325610073,314.66062113899295,26.43175925925926,2023-10-03 23:07:30+00:00,304.5311663991356,321.1258793284496,6.600633270694215,
2023-09-29 23:22:30,261.5359363906018,28.14892950303531,-0.0524051449440432,310.85809682804677,26.442175925925927,2023-10-03 23:22:30+00:00,304.5311663991356,320.98843057355606,6.60009445598181,
2023-09-29 23:37:30,261.5758836725228,28.25067011238121,-0.0397516336186957,323.9844184752365,26.45259259259259,2023-10-03 23:37:30+00:00,304.59041718018153,320.8509818656849,6.599555426663151,388.6477462437395
2023-09-29 23:52:30,261.61448467434985,28.352312971698833,-0.0271884692415043,313.8560440870839,26.46300925925926,2023-10-03 23:52:30+00:00,304.65099939514266,320.7135332048622,6.59901618275301,360.1001669449082
2023-09-30 00:07:30,261.6517551240896,28.45385770474776,-0.0147147330551844,308.3465958179326,26.473425925925927,2023-10-04 00:07:30+00:00,304.65099939514266,320.576084591103,6.598476724265961,
2023-09-30 00:22:30,261.687710507219,28.555303951125783,-0.0023295168059276,306.11484256706916,26.48384259259259,2023-10-04 00:22:30+00:00,304.7129508204881,320.4386360243395,6.597937051216368,355.0918196994992
2023-09-30 00:37:30,261.7223660713355,28.656651365797785,0.009968077341108,333.2519179176709,26.49425925925926,2023-10-04 00:37:30+00:00,304.7763368536614,320.3011875046557,6.597397163619017,357.59599332220364
2023-09-30 00:52:30,261.75573683048196,28.7578996187739,0.0221789369044136,156.2487867375859,26.504675925925927,2023-10-04 00:52:30+00:00,304.7763368536614,320.1637390320084,6.596857061488494,
2023-09-30 01:07:30,261.78783756945,28.859048394655886,0.0343039391717409,322.27252944271584,26.51509259259259,2023-10-04 01:07:30+00:00,304.84125211996786,320.02629060638793,6.596316744839175,354.59098497495825
2023-09-30 01:22:30,261.8186828478933,28.960097392203583,0.0463439512894604,319.0666614900804,26.52550925925926,2023-10-04 01:22:30+00:00,304.90782193192763,319.88884222781985,6.595776213685852,
2023-09-30 01:37:30,261.848287004546,29.06104632403064,0.0582998303666279,353.65947136277714,26.535925925925927,2023-10-04 01:37:30+00:00,304.90782193192763,319.75139389627543,6.5952354680431355,
2023-09-30 01:52:30,261.87666416127917,29.161894916235376,0.0701724235705924,157.52093282085127,26.54634259259259,2023-10-04 01:52:30+00:00,304.97620357354367,319.613945611803,6.594694507925402,
2023-09-30 02:07:30,261.9038282267851,29.262642907931856,0.081962568211335,311.50750602495725,26.55675925925926,2023-10-04 02:07:30+00:00,304.97620357354367,319.4764973743552,6.594153333347468,
2023-09-30 02:22:30,261.9297929008185,29.36329005103877,0.0936710918552617,328.37286951120086,26.567175925925927,2023-10-04 02:22:30+00:00,305.046587381248,319.33904918396155,6.5936119443239525,341.3188647746244
2023-09-30 02:37:30,261.95457167777255,29.46383610989508,0.1052988124178979,328.4579357294583,26.57759259259259,2023-10-04 02:37:30+00:00,305.11919759272433,319.2016010406265,6.593070340869245,346.5776293823038
2023-09-30 02:52:30,261.9781778503386,29.56428086082072,0.1168465382503467,337.4306013899135,26.58800925925926,2023-10-04 02:52:30+00:00,305.11919759272433,319.0641529443171,6.592528522998175,345.57595993322207
2023-09-30 03:07:30,262.0006245132525,29.664624091944717,0.1283150682555204,321.7268729334884,26.598425925925927,2023-10-04 03:07:30+00:00,305.19429293437406,318.9267048950482,6.591986490725363,
2023-09-30 03:22:30,262.0219245669058,29.76486560284567,0.1397051919819816,313.2235897037698,26.60884259259259,2023-10-04 03:22:30+00:00,305.2721669179114,318.7892568928386,6.591444244065231,347.57929883138564
2023-09-30 03:37:30,262.0420907206197,29.86500520418629,0.1510176897168465,319.11551678218564,26.61925925925926,2023-10-04 03:37:30+00:00,305.2721669179114,318.65180893765523,6.590901783032606,336.5609348914858
2023-09-30 03:52:30,262.06113549625525,29.965042717470595,0.162253332591432,161.00348125428687,26.629675925925927,2023-10-04 03:52:30+00:00,305.3531478164746,318.51436102954193,6.590359107642131,332.0534223706177
2023-09-30 04:07:30,262.07907123153,30.064977974780103,0.1734128826835601,153.7556108429743,26.64009259259259,2023-10-04 04:07:30+00:00,305.43759829075515,318.37691316847383,6.589816217908228,
2023-09-30 04:22:30,262.0959100831481,30.164810818365662,0.1844970931030679,285.3360251582094,26.65050925925926,2023-10-04 04:22:30+00:00,305.43759829075515,318.23946535444674,6.589273113845754,354.59098497495825
2023-09-30 04:37:30,262.11166403025106,30.264541100549422,0.1955067081113012,280.6974009860793,26.660925925925927,2023-10-04 04:37:30+00:00,305.52591463602914,318.10201758746064,6.588729795469353,340.8180300500835
2023-09-30 04:52:30,262.1263448774108,30.364168683340928,0.2064424632065146,281.6865318165935,26.67134259259259,2023-10-04 04:52:30+00:00,305.6185256216807,317.9645698675197,6.588186262793461,345.57595993322207
2023-09-30 05:07:30,262.13996425773865,30.463693438187473,0.2173050852246732,259.3817192077587,26.68175925925926,2023-10-04 05:07:30+00:00,305.6185256216807,317.82712219463417,6.58764251583295,348.58096828046746
2023-09-30 05:22:30,262.1525336350545,30.5631152447577,0.2280952923453033,264.6200216963422,26.692175925925927,2023-10-04 05:22:30+00:00,305.71589089591794,317.68967456877476,6.587098554602475,
2023-09-30 05:37:30,262.1640643051675,30.662433988825768,0.2388137940153675,140.61808440423962,26.70259259259259,2023-10-04 05:37:30+00:00,305.81849892998247,317.55222698998915,6.586554379116485,345.24207011686144
2023-09-30 05:52:30,262.1745674091409,30.76164957354016,0.2494612921496195,141.24578577785283,26.71300925925926,2023-10-04 05:52:30+00:00,305.81849892998247,317.41477945822936,6.586009989389871,
2023-09-30 06:07:30,262.1840539238666,30.86076190568464,0.2600384799230466,274.62437395659435,26.723425925925927,2023-10-04 06:07:30+00:00,305.92686447834046,317.277331973495,6.585465385437293,344.5742904841402
2023-09-30 06:22:30,262.19253466947976,30.9597709003944,0.2705460423499417,140.5663135056482,26.73384259259259,2023-10-04 06:22:30+00:00,305.92686447834046,317.1398845358335,6.5849205672732145,356.09348914858094
2023-09-30 06:37:30,262.200020311672,31.05867648068765,0.2809846563541191,264.62320922467677,26.74425925925926,2023-10-04 06:37:30+00:00,306.0415255342401,317.0024371452115,6.584375534912539,361.10183639399
2023-09-30 06:52:30,262.206521364805,31.157478577506993,0.2913549908921836,277.64951962739457,26.754675925925927,2023-10-04 06:52:30+00:00,306.16303976373285,316.8649898016575,6.5838302883699455,
2023-09-30 07:07:30,262.2120481943633,31.256177129391173,0.3016577070363699,257.7241138331327,26.76509259259259,2023-10-04 07:07:30+00:00,306.16303976373285,316.72754250511696,6.583284827659907,356.09348914858094
2023-09-30 07:22:30,262.216611019362,31.354772082220915,0.3118934580638113,258.44241050258864,26.77550925925926,2023-10-04 07:22:30+00:00,306.2919804059226,316.5900952556289,6.582739152797335,338.0634390651085
2023-09-30 07:37:30,262.2202199150894,31.453263389104254,0.3220628895596533,258.96649454517217,26.785925925925927,2023-10-04 07:37:30+00:00,306.42893163293667,316.4526480531639,6.58219326379692,337.56260434056765
2023-09-30 07:52:30,262.22288481561895,31.551651010219164,0.3321666395141751,267.82380491480615,26.79634259259259,2023-10-04 07:52:30+00:00,306.42893163293667,316.315200897769,6.581647160673157,341.56928213689486
2023-09-30 08:07:30,262.2246155159564,31.649934912462683,0.342205338398626,265.26381177932217,26.80675925925926,2023-10-04 08:07:30+00:00,306.57448337003166,316.17775378941036,6.581100843440965,340.56761268781304
2023-09-30 08:22:30,262.22542167461364,31.748115069397866,0.3521796092706462,269.4140038845547,26.817175925925927,2023-10-04 08:22:30+00:00,306.72922558444,316.0403067280728,6.580554312115052,344.57429048414025
